Sequence,Count
CATTGTATGGATGTATGCG,533887
GATTTAATGGATGTATGCG,11316
GATTTCATGGATGTATGCG,7422
GTTTTCATGGATGTATGCG,6419
GTAACAATGGATGTATGCG,5659
GAAAGTATGGATGTATGCG,5210
AGACTTATGGATGTATGCG,4952
GATATTATGGATGTATGCG,4941
GTAATAATGGATGTATGCG,4716
GTGCTTATGGATGTATGCG,4701
GTAAGTATGGATGTATGCG,4393
AATTATATGGATGTATGCG,4294
GGAATTATGGATGTATGCG,4170
GATTTGATGGATGTATGCG,4074
CAATTTATGGATGTATGCG,4067
ATTTATATGGATGTATGCG,3915
AAGATAATGGATGTATGCG,3914
ATTTTAATGGATGTATGCG,3848
GTTTTTATGGATGTATGCG,3768
CCTTTTATGGATGTATGCG,3673
GTGTTTATGGATGTATGCG,3537
GTGTTGATGGATGTATGCG,3473
AATTTTATGGATGTATGCG,3468
GACGGGATGGATGTATGCG,3433
GTTCCTATGGATGTATGCG,3419
GAAACAATGGATGTATGCG,3368
ATTGAATGGATGTATGCG,3363
GTTGGTATGGATGTATGCG,3319
GCTTTTATGGATGTATGCG,3268
GTATGGATGGATGTATGCG,3120
GTGTCAATGGATGTATGCG,3051
CATATGATGGATGTATGCG,3019
GTTTCTATGGATGTATGCG,2817
GGCTTAATGGATGTATGCG,2811
GTGTTCATGGATGTATGCG,2706
GGACTATGGATGTATGCG,2535
GATTAAATGGATGTATGCG,2427
GTATTGATGGATGTATGCG,2385
GGTACTATGGATGTATGCG,2356
CTGTCTATGGATGTATGCG,2336
GGGCTGATGGTGTATGCG,2302
CATAATATGGATGTATGCG,2301
AAATAAATGGATGTATGCG,2263
ATTTTTATGGATGTATGCG,2195
GATCAAATGGATGTATGCG,2193
ATTTGGATGGATGTATGCG,2193
ATTACAATGGATGTATGCG,2131
GACACAATGGATGTATGCG,2122
GGGTCTATGGATGTATGCG,2074
GTTAAAATGGATGTATGCG,2042
ATTATTATGGATGTATGCG,1636
CATTTTATGGATGTATGCG,1544
CATGGTATGGATGTATGCG,1420
GCTTATATGGATGTATGCG,1369
GATCTAATGGATGTATGCG,1250
GTTGATATGGATGTATGCG,1022
CTGTTGATGGATGTATGCG,840
ATTCATATGGATGTATGCG,759
GAGGCTATGGATGTATGCG,644
GGTGGAATGGATGTATGCG,531
AATTGTATGGATGTATGCG,224
GACTCGATGGATGTATGCG,213
CATTGTATGGATGTATGCA,210
CATTGTATGTATGTATGCG,159
CATTGTATGGATGTATGTG,159
CATTGTATGGATGTATGAG,156
GATTTAATGGATGTATGTG,141
GATTGTATGGATGTATGCG,138
CATTGAATGGATGTATGCG,129
CATTCTATGGATGTATGCG,127
CATAGTATGGATGTATGCG,126
CATTGTATTGATGTATGCG,124
CTTTGTATGGATGTATGCG,119
CATTGTATGGATGTATTCG,112
TATTGTATGGATGTATGCG,111
GATTTTATGGATGTATGCG,109
CATTGTATGGGTGTATGCG,100
CATTGTATGGATGTGTGCG,98
CATTGTATAGATGTATGCG,98
CATTGTATGGATATATGCG,94
CATTGTATGGATTTATGCG,91
CATTGTATGGAAGTATGCG,87
CATTATATGGATGTATGCG,87
CAATGTATGGATGTATGCG,86
CATTGTATGGATGTATGCT,85
CATTGTATGGATGTAAGCG,82
CATTGTATGGACGTATGCG,81
CATCGTATGGATGTATGCG,81
CGTTGTATGGATGTATGCG,80
CATTGTATGGATGTACGCG,79
CATTGTACGGATGTATGCG,76
CATTGTTTGGATGTATGCG,72
CATTGTATGGATGTATACG,65
CATTGCATGGATGTATGCG,64
CATTGTATGGATGAATGCG,63
GGCTTGATGGATGTATGCG,62
CATTGTATGGTTGTATGCG,62
ATCGTTATGGATGTATGCG,61
CATTGTATGGATGTATGGG,60
CACTGTATGGATGTATGCG,59
CATTGTATGGATGCATGCG,55
CATTGTGTGGATGTATGCG,51
CATTGTATCGATGTATGCG,48
GTACAGATGGATGTATGCG,46
CATTGTAAGGATGTATGCG,45
CATTGTATGGATGTTTGCG,43
CATTGTATGGATGTATGCC,41
CTCTTTATGGATGTATGCG,39
CATTTATGGATGTATGCG,37
CATTGTATGAATGTATGCG,34
ATTGTATGGATGTATGCG,33
GAATCTATGGATGTATGCG,30
GTGCTTATGGATGTATGTG,27
CATTGTATGGATGTATCCG,26
CATTGTATGGATCTATGCG,26
CTTTTTATGCATGTATGCG,25
CATTGTATGCATGTATGCG,24
CCTTGTATGGATGTATGCG,22
CATTGTATGATGTATGCG,21
CATTGTATGGAGGTATGCG,19
CATTGTCTGGATGTATGCG,17
GTAAAAATGGATGTATGCG,16
GAATGTATGGATGTATGCG,15
GTTTTAATGGATGTATGCG,14
CATTGTATGGATGTCTGCG,12
GATAGTATGGATGTATGCG,11
GAGTTTATGGTGTATGCG,11
GTTCATATGGATGTATGCG,10
AATTAAATGGATGTATGCG,10
TATTTAATGGATGTATGCG,9
GTTCTTATGGATGTATGCG,9
GTTACTATGGATGTATGCG,9
CATTGTATGGATGGATGCG,9
CATTGGATGGATGTATGCG,9
CATACTATGGATGTATGCG,9
AATTTAATGGATGTATGCG,9
GTGATTATGGATGTATGCG,8
GGTATTATGGATGTATGCG,8
GATATAATGGATGTATGCG,8
CATTTAATGGATGTATGCG,8
ATTAATATGGATGTATGCG,8
TATTTCATGGATGTATGCG,7
TATTATATGGATGTATGCG,7
GATTTAATGTATGTATGCG,7
CATGTATGGATGTATGCG,7
CAAATTATGGATGTATGCG,7
GTTTATATGGATGTATGCG,6
GTGTCTATGGATGTATGCG,6
GTATAGATGGATGTATGCG,6
GGTTTCATGGATGTATGCG,6
GGGGCTATGGATGTATGCG,6
GGAAGTATGGATGTATGCG,6
GATTTAATTGATGTATGCG,6
GATAAAATGGATGTATGCG,6
GAAATTATGGATGTATGCG,6
CATATTATGGATGTATGCG,6
AATTCTATGGATGTATGCG,6
AATTCAATGGATGTATGCG,6
GTTTTGATGGATGTATGCG,5
GTTTGTATGGATGTATGCG,5
GTTATAATGGATGTATGCG,5
GTGTTAATGGATGTATGCG,5
GTAAGAATGGATGTATGCG,5
GGGCTGATGGTGTATGAG,5
GCACTTATGGATGTATGCG,5
GATTTAATGGATGTATGAG,5
GATTGCATGGATGTATGCG,5
GATTCTATGGATGTATGCG,5
CTTTTTATGGATGTATGCG,5
CTTCGTATGGATGTATGCG,5
CCGAGAATGGATGTATGCG,5
AGTCTTATGGATGTATGCG,5
AGACTTATGGACGTATGCG,5
AATATTATGGATGTATGCG,5
AAATTAATGGATGTATGCG,5
TGTACTATGGATGTATGCG,4
TATTGTATGGATGTATGTG,4
TATCAAATGGATGTATGCG,4
TATATTATGGATGTATGCG,4
GTTTTTATGGATTTATGCG,4
GTTTTCATGGATGTATTCG,4
GTTCCTATGGATGTATGTG,4
GTTAGTATGGATGTATGCG,4
GTGTATATGGATGTATGCG,4
GTATTCATGGATGTATGCG,4
GTATCGATGGATGTATGCG,4
GTATCAATGGATGTATGCG,4
GTATATATGGATGTATGCG,4
GTAATTATGGATGTATGCG,4
GTAACAATGGATGTATGCC,4
GGTTCTATGGATGTATGCG,4
GGTAGGATGGATGTATGCG,4
GGGCTGATTGTGTATGCG,4
GGATTTATGGATGTATGCG,4
GGAATAATGGATGTATGCG,4
GATTTAATGGTTGTATGCG,4
GATATCATGGATGTATGCG,4
GACGGGATGGATGTATGCA,4
GACAAAATGGATGTATGCG,4
GAAAGAATGGATGTATGCG,4
CTGTATATGGATGTATGCG,4
CAGTGGATGGATGTATGCG,4
CAAGCAATGGATGTATGCG,4
ATTTGTATGGATGTATGCG,4
ATTTCTATGGATGTATGCG,4
ATTTCAATGGATGTATGCG,4
ATTCTAATGGATGTATGCG,4
ATGATAATGGATGTATGCG,4
ATATTTATGGATGTATGCG,4
AGTTTAATGGATGTATGCG,4
AATTTCATGGATGTATGCG,4
AAAGTTATGGATGTATGCG,4
TTTTTTATGGATGTATGCG,3
TTTTTAATGGATGTATGCG,3
TTGCTTATGGATGTATGCG,3
TTATTGATGGATGTATGCG,3
TCTTTTATGGATGTATGCG,3
TCTTATATGGATGTATGCG,3
TATTTTATGGATGTATGCG,3
TATTTGATGGATGTATGCG,3
TACGGGATGGATGTATGCG,3
GTTTTTATGGACGTATGCG,3
GTTTTCATGGATTTATGCG,3
GTTTTCATGGATGTGTGCG,3
GTTTTCATGGATGTATGCA,3
GTTTTCACGGATGTATGCG,3
GTTTCTATGGATGCATGCG,3
GTTTCATGGATGTATGCG,3
GTTTACATGGATGTATGCG,3
GTTTAAATGGATGTATGCG,3
GTTGGTATGGATGTATGCT,3
GTTCCTATGTATGTATGCG,3
GTTATCATGGATGTATGCG,3
GTGTTTATGGATATATGCG,3
GTGTAAATGGATGTATGCG,3
GTGCTTATGGATGTAAGCG,3
GTGCGTATGGATGTATGCG,3
GTGAAAATGGATGTATGCG,3
GTCAATATGGATGTATGCG,3
GTATGTATGGATGTATGCG,3
GTAGGTATGGATGTATGCG,3
GTAATAATGGATGTATGAG,3
GTAATAATGGATGTACGCG,3
GTAAGTATCGATGTATGCG,3
GTAACTATGGATGTATGCG,3
GGTTTAATGGATGTATGCG,3
GGTACTATGGATGTATGTG,3
GGAATTATGGGTGTATGCG,3
GGAATTATGGATGTATGCA,3
GGAATTATGGATGTATGAG,3
GGAAATATGGATGTATGCG,3
GCTTTTATTGATGTATGCG,3
GCTTGTATGGATGTATGCG,3
GCAGTTATGGATGTATGCG,3
GATTTGATGGATTTATGCG,3
GATTTCATGTATGTATGCG,3
GATTTCATGGATGTATGTG,3
GATTTCATGGACGTATGCG,3
GATTTAATGGATGTTTGCG,3
GATTTAATGGATGTATGCA,3
GATTGAATGGATGTATGCG,3
GATTAAATGGATGTATGCA,3
GATGGTATGGATGTATGCG,3
GATATTATGGATGTATGTG,3
GATACAATGGATGTATGCG,3
GAGTATATGGATGTATGCG,3
GACGGGATGGTTGTATGCG,3
GACAGAATGGATGTATGCG,3
GAAAGTATGGATGTATGTG,3
GAAAGTATGGATGTATGAG,3
GAAAAAATGGATGTATGCG,3
CTGTGTATGGATGTATGCG,3
CTGTCTATGTATGTATGCG,3
CTATTTATGGATGTATGCG,3
CCTTTTATGTATGTATGCG,3
CCTTTTATGGATGTATGCA,3
CCGCGTATGGATGTATGCG,3
CATTTGATGGATGTATGCG,3
CATTGTATGGCTGTATGCG,3
CATTGTATGGATGTAGGCG,3
CATTGTAGGGATGTATGCG,3
CAGTGTATGGATGTATGCG,3
CAGTCTATGGATGTATGCG,3
CAAAGTATGGATGTATGCG,3
ATTTTAATGGATTTATGCG,3
ATTTTAATGGATGAATGCG,3
ATTTATATGGATGTATGCT,3
ATTTATATGGATGTATGCA,3
ATTGCATGGATGTATGCG,3
ATTAGAATGGATGTATGCG,3
ATTAAAATGGATGTATGCG,3
ATATTAATGGATGTATGCG,3
AGCTTAATGGATGTATGCG,3
AGACTTATGGGTGTATGCG,3
AGACTTATGGATGTATGTG,3
AGACATATGGATGTATGCG,3
AGAATTATGGATGTATGCG,3
AATTTTATGGATGTATGCA,3
AATTGGATGGATGTATGCG,3
AATTATATTGATGTATGCG,3
AAGATAATGGATGTATGTG,3
TTTTTCATGGATGTATGCG,2
TTTATTATGGATGTATGCG,2
TTAATAATGGATGTATGCG,2
TTAAGTATGGATGTATGCG,2
TTAACAATGGATGTATGCG,2
TGGTCTATGGATGTATGCG,2
TGCTTAATGGATGTATGCG,2
TATTAAATGGATGTATGCG,2
TATCTAATGGATGTATGCG,2
TAGATAATGGATGTATGCG,2
TACACAATGGATGTATGCG,2
TAAAGTATGGATGTATGCG,2
GTTTTTATTGATGTATGCG,2
GTTTTTATGGTTGTATGCG,2
GTTTTCATAGATGTATGCG,2
GTTTGGATGGATGTATGCG,2
GTTTCTATGTATGTATGCG,2
GTTTCTATGGATGTATGGG,2
GTTTCTATAGATGTATGCG,2
GTTTCTAAGGATGTATGCG,2
GTTGGTATGGATGTGTGCG,2
GTTCGTATGGATGTATGCG,2
GTTCCTGTGGATGTATGCG,2
GTTCCTATTGATGTATGCG,2
GTTCCTATGGATGTGTGCG,2
GTTACAATGGATGTATGCG,2
GTTAAAATGGATGTATACG,2
GTGTTTATGGATGTATGCA,2
GTGTTGATGGATGTACGCG,2
GTGTTGATGGATGAATGCG,2
GTGTTCATGGATGTATGCC,2
GTGTGTATGGATGTATGCG,2
GTGTCAATAGATGTATGCG,2
GTGTAGATGGATGTATGCG,2
GTGGTTATGGATGTATGCG,2
GTGGTAATGGATGTATGCG,2
GTGCTTATGTATGTATGCG,2
GTGCTTATGGATGTGTGCG,2
GTGCTTATGGATGTCTGCG,2
GTGCTTATGGATGTATCCG,2
GTGCTTATGGATCTATGCG,2
GTGCTGATGGATGTATGCG,2
GTCTTTATGGATGTATGCG,2
GTATTGATGGATGTATGTG,2
GTATTGATGGATGTAAGCG,2
GTATGGTTGGATGTATGCG,2
GTACTATGGATGTATGCG,2
GTAATAATTGATGTATGCG,2
GTAATAATGGATGTGTGCG,2
GTAATAATGGATATATGCG,2
GTAATAATGATGTATGCG,2
GTAAGTATGGATGTATGCT,2
GTAAGTATGGATGTATGCA,2
GTAAGTATGGATGTAAGCG,2
GTAAGTATGGATGAATGCG,2
GTAACAATGTATGTATGCG,2
GTAACAATGGATGTATGAG,2
GTAACAATGGATGCATGCG,2
GTAACAATGGATGAATGCG,2
GTAACAATGGATATATGCG,2
GTAACAATGGAAGTATGCG,2
GTAACAATGAATGTATGCG,2
GTAACAATAGATGTATGCG,2
GTAAATATGGATGTATGCG,2
GGTTGTATGGATGTATGCG,2
GGTTATATGGATGTATGCG,2
GGTGGTATGGATGTATGCG,2
GGTCTATGGATGTATGCG,2
GGTCCTATGGATGTATGCG,2
GGTAGTATGGATGTATGCG,2
GGTACTATGGTTGTATGCG,2
GGTACTATGGATGAATGCG,2
GGGTGTATGGATGTATGCG,2
GGCTTAATGGATTTATGCG,2
GGCTTAATGGATGTATGAG,2
GGCGTTATGGATGTATGCG,2
GGACTATGGGTGTATGCG,2
GGACTATGGATGTATGTG,2
GGACTATGGATGTATACG,2
GGAATTATGGATGTATGCT,2
GGAATTATGGATGCATGCG,2
GGAATTATGGACGTATGCG,2
GGAACAATGGATGTATGCG,2
GCTTTTATGGATGTATGAG,2
GCTTTTATAGATGTATGCG,2
GCGTCAATGGATGTATGCG,2
GCGCTTATGGATGTATGCG,2
GCCACAATGGATGTATGCG,2
GCAATCATGGATGTATGCG,2
GCAACAATGGATGTATGCG,2
GATTTGATGGGTGTATGCG,2
GATTTGATGGATGTATGTG,2
GATTTGATGGATGTATGAG,2
GATTTCGTGGATGTATGCG,2
GATTTCATGGATTTATGCG,2
GATTTCATGGATGTATTCG,2
GATTTCATGGATGTATGCT,2
GATTTCATCGATGTATGCG,2
GATTTCATAGATGTATGCG,2
GATTTAATGGATTTATGCG,2
GATTTAATGGATGTGTGCG,2
GATTTAATGGATGTATTCG,2
GATTTAATGGATGTAAGCG,2
GATTTAATGGACGTATGCG,2
GATTTAATGGAAGTATGCG,2
GATTTAAAGGATGTATGCG,2
GATTCGATGGATGTATGCG,2
GATTATATGGATGTATGCG,2
GATTAAATGGATGTACGCG,2
GATGGGATGGATGTATGCG,2
GATCTCATGGATGTATGCG,2
GATCATATGGATGTATGCG,2
GATCAGATGGATGTATGCG,2
GATATTATGTATGTATGCG,2
GATATTATGGGTGTATGCG,2
GATATTATGGATTTATGCG,2
GATATTATGGATGTGTGCG,2
GATATTATGGATGTAAGCG,2
GATATTATGGACGTATGCG,2
GATATTATGAATGTATGCG,2
GATATTATAGATGTATGCG,2
GATATTACGGATGTATGCG,2
GATATGATGGATGTATGCG,2
GATACTATGGATGTATGCG,2
GAGTTTATGGATGTATGCG,2
GAGGGTATGGATGTATGCG,2
GAGATGTGGATGTATGCG,2
GACGGGATGGATGTATGTG,2
GACGGGATGGATGTATGAG,2
GACGGGATGGATGTAAGCG,2
GACGGGATGGATCTATGCG,2
GACGGGATGGACGTATGCG,2
GACGGGATGGAAGTATGCG,2
GACAGGATGGATGTATGCG,2
GACACAATGGACGTATGCG,2
GAATGGATGGATGTATGCG,2
GAACTATGGATGTATGCG,2
GAACGTATGGATGTATGCG,2
GAAAGTTTGGATGTATGCG,2
GAAAGTATGTATGTATGCG,2
GAAAGTATGGATGTATTCG,2
GAAAGTATGGATGTATGCA,2
GAAAGTATGGATGTACGCG,2
GAAAGTATGGATATATGCG,2
GAAAGTACGGATGTATGCG,2
GAAACAATGCATGTATGCG,2
GAAACAATAGATGTATGCG,2
CTTTATATGGATGTATGCG,2
CTTCATATGGATGTATGCG,2
CTTCAGATGGATGTATGCG,2
CTGTTTATGGATGTATGCG,2
CTATCTATGGATGTATGCG,2
CGTATAATGGATGTATGCG,2
CCTTTTATGGATGTACGCG,2
CCTTTTATGGATATATGCG,2
CCTTTTACGGATGTATGCG,2
CCTCTTATGGATGTATGCG,2
CCCTTTATGGATGTATGCG,2
CATTTTATGGATGTATGCA,2
CATTGTATGGATGTTGCG,2
CATTGTATGGATGTACGTG,2
CATTGTAGATGTATGCG,2
CATATGATGGATGTAAGCG,2
CATAGGATGGATGTATGCG,2
CATAATATGGAAGTATGCG,2
CAATTTATGGATTTATGCG,2
CAATTTATGGATGTATGCA,2
CAATTTATGGATCTATGCG,2
CAATTTATAGATGTATGCG,2
ATTTTTATGGATGTATGTG,2
ATTTTCATGGATGTATGCG,2
ATTTTAATGGATGTAAGCG,2
ATTTGGATGGATGTATGCA,2
ATTTGGATGGACGTATGCG,2
ATTTGGAAGGATGTATGCG,2
ATTTATATGGATTTATGCG,2
ATTTATATGGATGTATGTG,2
ATTTATATGGATCTATGCG,2
ATTTATATGGAAGTATGCG,2
ATTTAAATGGATGTATGCG,2
ATTGAATGGATTTATGCG,2
ATTGAATGGATGTATGCA,2
ATTGAATGGATCTATGCG,2
ATTCTTATGGATGTATGCG,2
ATTCATGTGGATGTATGCG,2
ATTCATATGGATGTGTGCG,2
ATGTCGATGGATGTATGCG,2
ATGTCAATGGATGTATGCG,2
ATGTACATGGATGTATGCG,2
ATATAAATGGATGTATGCG,2
ATACTTATGGATGTATGCG,2
ATAATAATGGATGTATGCG,2
AGTATTATGGATGTATGCG,2
AGTACTATGGATGTATGCG,2
AGACTTATTGATGTATGCG,2
AGACTTATGTATGTATGCG,2
AGACTTATGGATGTTTGCG,2
AGACTTATGGATGTATGCT,2
AGACTTATGGATGTATGCA,2
AGACTTATGGATGTACGCG,2
AGACTATGGATGTATGCG,2
ACTTTTATGGATGTATGCG,2
AATTTTATGGATTTATGCG,2
AATTATTTGGATGTATGCG,2
AATTATGTGGATGTATGCG,2
AATTATATGGATTTATGCG,2
AATTATATGGATGTGTGCG,2
AATTATATGGATGTATGTG,2
AATTATATGATGTATGCG,2
AATTATACGGATGTATGCG,2
AATAAAATGGATGTATGCG,2
AAGATAATGTATGTATGCG,2
AAGATAATGGATGTATGCA,2
AAATAAATGGTTGTATGCG,2
AAATAAATGGATTTATGCG,2
AAAAGTATGGATGTATGCG,2
TTTTGGATGGATGTATGCG,1
TTTTCTATGGATGTATGCG,1
TTTGATATGGATGTATGCG,1
TTTGAATGGATGTATGCG,1
TTTCCTATGGATGTATGCG,1
TTTATCATGGATGTATGCG,1
TTGTTGATGGATGTATGCG,1
TTGTTCATGGATGTATGCG,1
TTAATGATGGATGTATGCG,1
TGGCTGATGGTGTATGCG,1
TGCTTGATGGATGTATGCG,1
TGACTATGGATGTATGCG,1
TGAATTATGGATGTATGCG,1
TATTGTATGGATGTACGCG,1
TATAATATGGATGTATGCG,1
TAACAATGGATGTATGCG,1
GTTTTTATGTATGTATGCG,1
GTTTTTATGGATGTTTGCG,1
GTTTTTATGGATGTGTGCG,1
GTTTTTATGGATGTATTCG,1
GTTTTTATGGATGTATGCT,1
GTTTTTATGGATGTATGCA,1
GTTTTTATGGATGTATCCG,1
GTTTTTATGGATGTATACG,1
GTTTTTATGGATGCATGCG,1
GTTTTTATGGATGAATGCG,1
GTTTTTATGGATATATGCG,1
GTTTTTATGGAAGTATGCG,1
GTTTTTATAGATGTATGCG,1
GTTTTCTTGGATGTATGCG,1
GTTTTCGTGGATGTATGCG,1
GTTTTCATGGGTGTATGCG,1
GTTTTCATGGATGTATGTG,1
GTTTTCATGGATGTATGGG,1
GTTTTCATGGATGTATGCT,1
GTTTTCATGGATGTATGCC,1
GTTTTCATGGATGTATGAG,1
GTTTTCATGGATGTATACG,1
GTTTTCATGGATGTACGCG,1
GTTTTCATGGATGCATGCG,1
GTTTTCATGGATATATGCG,1
GTTTTCATGGAAGTATGCG,1
GTTTTCATGATGTATGCG,1
GTTTTCATGAATGTATGCG,1
GTTTGAATGGATGTATGCG,1
GTTTCTGTGGATGTATGCG,1
GTTTCTATTGATGTATGCG,1
GTTTCTATGGATTTATGCG,1
GTTTCTATGGATGTATGCT,1
GTTTCTATGGATGTATGAG,1
GTTTCTATGGATGTATCCG,1
GTTTCTATGGATGTAAGCG,1
GTTTCTATGGATATATGCG,1
GTTTCTATGGAAGTATGCG,1
GTTTATGGATGTATGCG,1
GTTGTTATGGATGTATGCG,1
GTTGTAATGGATGTATGCG,1
GTTGGTATTGATGTATGCG,1
GTTGGTATGTATGTATGCG,1
GTTGGTATGGGTGTATGCG,1
GTTGGTATGGATGTATTCG,1
GTTGGTATGGATGTATGCC,1
GTTGGTATGGATCTATGCG,1
GTTGGTATGGATATATGCG,1
GTTGGTATGGAAGTATGCG,1
GTTGGTATGCATGTATGCG,1
GTTGGTATGAATGTATGCG,1
GTTGGGATGGATGTATGCG,1
GTTGGAATGGATGTATGCG,1
GTTGCTATGGATGTATGCG,1
GTTGATATTGATGTATGCG,1
GTTGATATGGATTTATGCG,1
GTTGATATGGATGTATACG,1
GTTGATATGGATCTATGCG,1
GTTGATATGGAAGTATGCG,1
GTTGAAATGGATGTATGCG,1
GTTCTCATGGATGTATGCG,1
GTTCTAATGGATGTATGCG,1
GTTCCTTGGATGTATGCG,1
GTTCCTATGGGTGTATGCG,1
GTTCCTATGGATGTATTCG,1
GTTCCTATGGATGTATGCT,1
GTTCCTATGGATGTATACG,1
GTTCCTATGGATGAATGCG,1
GTTCCTATAGATGTATGCG,1
GTTCCTAGATGTAAGCG,1
GTTCCTAAGGATGTATGCG,1
GTTCCCATGGATGTATGCG,1
GTTCAAATGGATGTATGCG,1
GTTATTATGGATGTATGCG,1
GTTATCATGGTTGTATGCG,1
GTTAAACTGGATGTATGCG,1
GTTAAAATGGATGTTTGCG,1
GTTAAAATGGATGTATTCG,1
GTTAAAATGGATGTATGTG,1
GTTAAAATGGATGTATGGG,1
GTTAAAATGGATGTATGCA,1
GTTAAAATGGATGTATGAG,1
GTTAAAATGGATGTAAGCG,1
GTTAAAATGGATGCATGCG,1
GTTAAAATGGATCTATGCG,1
GTTAAAATAGATGTATGCG,1
GTGTTTATTGATGTATGCG,1
GTGTTTATGTATGTATGCG,1
GTGTTTATGGTTGTATGCG,1
GTGTTTATGGATTTATGCG,1
GTGTTTATGGATGTTTGCG,1
GTGTTTATGGATGTATGAG,1
GTGTTTATGGATGTAAGCG,1
GTGTTTATGGATCTATGCG,1
GTGTTTATGGAAGTATGCG,1
GTGTTTATCGATGTATGCG,1
GTGTTTATAGATGTATGCG,1
GTGTTTACGGATGTATGCG,1
GTGTTGGGATGTATGCG,1
GTGTTGATTGATGTATGCG,1
GTGTTGATGTATGTATGCG,1
GTGTTGATGGATTTATGCG,1
GTGTTGATGGATGTATGTG,1
GTGTTGATGGATGTATGCC,1
GTGTTGATGGATGTATGCA,1
GTGTTGATGGATGTATGAG,1
GTGTTGATGGATATATGCG,1
GTGTTGATGGACGTATGCG,1
GTGTTGATAGATGTATGCG,1
GTGTTCTTGGATGTATGCG,1
GTGTTCGTGGATGTATGCG,1
GTGTTCATTGATGTATGCG,1
GTGTTCATGGGTGTATGCG,1
GTGTTCATGGATGTATGTG,1
GTGTTCATGGATGTATGCA,1
GTGTTCATGGATGTATGAG,1
GTGTTCATGGATGTAAGCG,1
GTGTTCATGGATGAATGCG,1
GTGTTCATGGACGTATGCG,1
GTGTTCATGGAAGTATGCG,1
GTGTTCATGATGTATGCG,1
GTGTGCATGGATGTATGCG,1
GTGTGAATGGATGTATGCG,1
GTGTCGATGGATGTATGCG,1
GTGTCATTGGATGTATGCG,1
GTGTCAGTGGATGTATGCG,1
GTGTCAATGGGTGTATGCG,1
GTGTCAATGGATGTGTGCG,1
GTGTCAATGGATGTATGGG,1
GTGTCAATGGATGTATGCA,1
GTGTCAATGGATGTATGAG,1
GTGTCAATGGATGAATGCG,1
GTGTCAATGGATATATGCG,1
GTGTCAATGGACGTATGCG,1
GTGTCAATGCATGTATGCG,1
GTGTACATGGATGTATGCG,1
GTGGTGATGGATGTATGCG,1
GTGGGTATGGATGTATGCG,1
GTGCTTTTGGATGTATGCG,1
GTGCTTGTGGATGTATGCG,1
GTGCTTATGGGTGTATGCG,1
GTGCTTATGGATGTATTCG,1
GTGCTTATGGATGTATGCA,1
GTGCTTATGGATGTATGAG,1
GTGCTTATGGATGTACGCG,1
GTGCTTATGGATGCATGCG,1
GTGCTTATGATGTATGCG,1
GTGCTTATGAATGTATGCG,1
GTGCTTATAGATGTATGCG,1
GTGCTGATGGTGTATGCG,1
GTGCTCATGGATGTATGCG,1
GTGCTATGGATGTATGCG,1
GTGCCTATGGATGTATGCG,1
GTGCCAATGGATGTATGCG,1
GTGCATATGGATGTATGCG,1
GTGATGATGGATGTATGCG,1
GTGATCATGGATGTATGCG,1
GTGATAATGGATGTATGCG,1
GTGACAATGGATGCATGCG,1
GTCTTCATGGATGTATGCG,1
GTCTTAATGGATGTATGCG,1
GTCTCAATGGATGTATGCG,1
GTCTATATGGATGTATGCG,1
GTCTACATGGATGTATGCG,1
GTCGGGATGGATGTATGCG,1
GTCATAATGGATGTATGCG,1
GTCACAATGGATGTATGCG,1
GTATTTATGGATGTATGCG,1
GTATTGATTGATGTATGCG,1
GTATTGATGGTTGTATGCG,1
GTATTGATGGGTGTATGCG,1
GTATTGATGGATGTATGCA,1
GTATTGATGGATGAATGCG,1
GTATTGATGATGTATGCG,1
GTATTGATCGATGTATGCG,1
GTATTGATAGATGTATGCG,1
GTATTGAAGGATGTATGCG,1
GTATTAATGGATGTATGCG,1
GTATGGCTGGATGTATGCG,1
GTATGGATGGTTGTATGCG,1
GTATGGATGGATGTATTCG,1
GTATGGATGGATGTATGTG,1
GTATGGATGGATGTATGCA,1
GTATGGATGGATGTATGAG,1
GTATGGATGGATGTATACG,1
GTATGGATGGATGTAAGCG,1
GTATGGATGGATGCATGCG,1
GTATGGATAGATGTATGCG,1
GTATGGAAGGATGTATGCG,1
GTATGAATGGATGTATGCG,1
GTACATATGGATGTATGCG,1
GTAATGATGGATGTATGCG,1
GTAATATTGGATGTATGCG,1
GTAATAATGTATGTATGCG,1
GTAATAATGGATGTATGTG,1
GTAATAATGGATGCATGCG,1
GTAATAATGGATGAATGCG,1
GTAATAATGGATCTATGCG,1
GTAATAATGGACGTATGCG,1
GTAATAATGGAAGTATGCG,1
GTAATAATGAATGTATGCG,1
GTAATAATAGATGTATGCG,1
GTAAGTTTGGATGTATGCG,1
GTAAGTATTGATGTATGCG,1
GTAAGTATGGTTGTATGCG,1
GTAAGTATGGGTGTATGCG,1
GTAAGTATGGATTTATGCG,1
GTAAGTATGGATGTGTGCG,1
GTAAGTATGGATGTCTGCG,1
GTAAGTATGGATGTATTCG,1
GTAAGTATGGATGTATGTG,1
GTAAGTATGGATGTATGGG,1
GTAAGTATGGATGTATGCC,1
GTAAGTATGGATGTATGAG,1
GTAAGTATGGATGTATACG,1
GTAAGTATGGATCTATGCG,1
GTAAGTATGGACGTATGCG,1
GTAAGCATGGATGTATGCG,1
GTAACATTGGATGTATGCG,1
GTAACAATTTATGTATGCG,1
GTAACAATGGTTGTATGCG,1
GTAACAATGGGTGTATGCG,1
GTAACAATGGATTTATGCG,1
GTAACAATGGATGTGTGCG,1
GTAACAATGGATGTCTGCG,1
GTAACAATGGATGTATGTG,1
GTAACAATGGATGTATGCA,1
GTAACAATGGATGTACGCG,1
GTAACAATGGATGTAAGCG,1
GGTTTTATGGATGTATGCG,1
GGTTGCATGGATGTATGCG,1
GGTGGATTGGATGTATGCG,1
GGTGGAATGGATGTAGGCG,1
GGTACTATTGATGTATGCG,1
GGTACTATGGATTTATGCG,1
GGTACTATGGATATATGCG,1
GGTACTATGGACGTATGCG,1
GGTACTATAGATGTATGCG,1
GGTAATATGGATGTATGCG,1
GGTAAAATGGATGTATGCG,1
GGGTTTATGGATGTATGCG,1
GGGTTAATGGATGTATGCG,1
GGGTCTATGGTTGTATGCG,1
GGGTCTATGGATGTTTGCG,1
GGGTCTATGGATGTATGCA,1
GGGTCTATGGATGTATACG,1
GGGTCTATGGATGCATGCG,1
GGGTCTATAGATGTATGCG,1
GGGTATATGGATGTATGCG,1
GGGGGAATGGATGTATGCG,1
GGGCTTATGGTGTATGCG,1
GGGCTGATGGTGTATTCG,1
GGGCTGATGGTGCATGCG,1
GGGCTGATGGTCTATGCG,1
GGGCTGATGGTATATGCG,1
GGGCTGATGGGGTATGCG,1
GGGCTGATGGAGTATGCG,1
GGGCTGAGGTGTATGCG,1
GGGATGATGGTGTATGCG,1
GGGATAATGGATGTATGCG,1
GGCTTAATGGGTGTATGCG,1
GGCTTAATGGATGTGTGCG,1
GGCTTAATGGATGAATGCG,1
GGCTTAATGGATATATGCG,1
GGCTTAATGGACGTATGCG,1
GGCTTAATGGAAGTATGCG,1
GGCTTAATAGATGTATGCG,1
GGCTGTATGGATGTATGCG,1
GGCTATATGGATGTATGCG,1
GGCTAAATGGATGTATGCG,1
GGCGTAATGGATGTATGCG,1
GGCGGGATGGATGTATGCG,1
GGCCTAATGGATGTATGCG,1
GGCACAATGGATGTATGCG,1
GGATTATGGATGTATGCG,1
GGATGGATGGATGTATGCG,1
GGAGTATGGATGTATGCG,1
GGACTCTGGATGTATGCG,1
GGACTATGGATGTATGCA,1
GGACTATGGATGCATGCG,1
GGACTATGGACGTATGCG,1
GGACTATGATGTATGCG,1
GGAATTATTGATGTATGCG,1
GGAATTATGTATGTATGCG,1
GGAATTATGGATTTATGCG,1
GGAATTATGGATGTGTGCG,1
GGAATTATGGATGTATTCG,1
GGAATTATGGATGTATGTG,1
GGAATTATGGATGTATGGG,1
GGAATTATGGAAGTATGCG,1
GGAATTATAGATGTATGCG,1
GGAATTAAGGATGTATGCG,1
GGAATATGGATGTATGCG,1
GGAACTATGGATGTATGCG,1
GCTTTTCTGGATGTATGCG,1
GCTTTTATGGGTGTATGCG,1
GCTTTTATGGATGTCTGCG,1
GCTTTTATGGATGTATGCT,1
GCTTTTATGGATGTATGCA,1
GCTTTTATGGATGTATACG,1
GCTTTTATGGATGTACGCG,1
GCTTTTATGGATCTATGCG,1
GCTTTTATGGATATATGCG,1
GCTTTTACGGATGTATGCG,1
GCTTCGATGGATGTATGCG,1
GCTTATATGGGTGTATGCG,1
GCTTATATGGATGTACGCG,1
GCTTATATGGATCTATGCG,1
GCTGTTATGGATGTATGCG,1
GCTGATATGGATGTATGCG,1
GCTCCTATGGATGTATGCG,1
GCGTTTATGGATGTATGCG,1
GCCTTTATGGATGTATGCG,1
GCCTATATGGATGTATGCG,1
GCCGGTATGGATGTATGCG,1
GCCGGGATGGATGTATGCG,1
GCATTGATGGATGTATGCG,1
GCATTAATGGATGTATGCG,1
GCATGGATGGATGTATGCG,1
GCAATTATGGATGTATGCG,1
GATTTGTTGGATGTATGCG,1
GATTTGATGGTTGTATGCG,1
GATTTGATGGATGTATGCT,1
GATTTGATGGATGTATGCA,1
GATTTGATGGATGTACGCG,1
GATTTGATGGATCTATGCG,1
GATTTGATGGATATATGCG,1
GATTTGATGGAAGTATGCG,1
GATTTGATGAATGTATGCG,1
GATTTGATAGATGTATGCG,1
GATTTCCTGGATGTATGCG,1
GATTTCATTGATGTATGCG,1
GATTTCATGGTTGTATGCG,1
GATTTCATGGGTGTATGCG,1
GATTTCATGGATGTATGGG,1
GATTTCATGGATGTATACG,1
GATTTCATGGATGTAAGCG,1
GATTTCATGGATCTATGCG,1
GATTTCATGCATGTATGCG,1
GATTTCATGAATGTATGCG,1
GATTTATTGGATGTATGCG,1
GATTTAATGTATGCATGTG,1
GATTTAATGGGTGTATGCG,1
GATTTAATGGATGTATGCT,1
GATTTAATGGATGTATGCC,1
GATTTAATGGATGTATACG,1
GATTTAATGGATGTACGCG,1
GATTTAATGGATGAATGCG,1
GATTTAATGGATCTATGCG,1
GATTTAATGCATGTATGCG,1
GATTTAATGAATGTATGCG,1
GATTTAATCGATGTATGTG,1
GATTTAATCGATGTATGCG,1
GATTTAAGGGATGTATGCG,1
GATTGTATGGATGTATGTG,1
GATTCAATGGATGTATGCG,1
GATTAGATGGATGTATGCG,1
GATTACATGGATGTATGCG,1
GATTAATGGATGTATGCG,1
GATTAAATGGATTTATGCG,1
GATTAAATGGATGTATGTG,1
GATTAAATGGATGTATGGG,1
GATTAAATGGATGTATGCT,1
GATTAAATGGATGTATGAG,1
GATTAAATGGATGTATCCG,1
GATTAAATGGATGTATACG,1
GATTAAATGGATGCATGCG,1
GATTAAATGGATATATGCG,1
GATTAAATGGAAGTATGCG,1
GATTAAATGATGTATGCG,1
GATTAAAAGGATGTATGCG,1
GATGTTATGGATGTATGCG,1
GATGTAATGGATGTATGCG,1
GATCTAATGGGTGTATGCG,1
GATCTAATGGATGTACGCG,1
GATCTAATAGATGTATGCG,1
GATCAAATTGATGTATGCG,1
GATCAAATGTATGTATGCG,1
GATCAAATGGATGAATGCG,1
GATCAAATGCATGTATGCG,1
GATATTATGGTTGTATGCG,1
GATATTATGGATGTATGCA,1
GATATTATGGATGTATGAG,1
GATATTATGGATGCATGCG,1
GATATTATGGATATATGCG,1
GATATATGGATGTATGCG,1
GATAATATGGATGTATGCG,1
GAGTTGATGGATGTATGCG,1
GAGTCAATGGATGTATGCG,1
GAGTAAATGGATGTATGCG,1
GAGGGGATGGATGTATGCG,1
GAGGCTATGGACGTATGCG,1
GAGCTTATGGATGTATGCG,1
GAGCTGATGGTGTATGCG,1
GAGACAATGGATGTATGCG,1
GACTTATGGATGTATGCG,1
GACTTAATGGATGTATGCG,1
GACTCGATGGATTTATGCG,1
GACTCAATGGATGTATGCG,1
GACTAAATGGATGTATGCG,1
GACGTTATGGATGTATGCG,1
GACGTGATGGATGTATGCG,1
GACGGTATGGATGTATGCG,1
GACGGGATGTATGTATGCG,1
GACGGGATGGATGTGTGCG,1
GACGGGATGGATGTATACG,1
GACGGGATGGATGTACGCG,1
GACGGGATGGATGAATGCG,1
GACGGGATGAATGTATGCG,1
GACGGGATCGATGTATGCG,1
GACGGGAGGGATGTATGCG,1
GACGCGATGGATGTATGCG,1
GACATTATGGATGTATGCG,1
GACACACTGGATGTATGCG,1
GACACAATTGATGTATGCG,1
GACACAATGTATGTATGCG,1
GACACAATGGATGTGTGCG,1
GACACAATGGATGTATGGG,1
GACACAATGGATGTAAGCG,1
GACACAATGGATGCATGCG,1
GACACAATGGATCTATGCGTCCGTCTTGCCCAGTGGCTAATATGTTGACTCCTCCTGCACCATGGACACAACCTCCGCGGTCTCCGTCGTTAGGTTCTTCCGCAGATTATACCGCTATTACACGACACAATGGATGTATGCG,1
GACACAATGGAAGTATGCG,1
GACAAATGGATGTATGCG,1
GAATTTATGGATGTATGCG,1
GAATTGATGGATGTATGCG,1
GAATTAATGGATGTATGCG,1
GAATGGACGGATGTATGCG,1
GAATCTATTGATGTATGCG,1
GAAGGGATGGATGTATGCG,1
GAAGCAATGGATGTATGCG,1
GAAATAATGGATGTATGCG,1
GAAAGTGTGGATGTATGCG,1
GAAAGTATGGATTTATGCG,1
GAAAGTATGGATGTATGGG,1
GAAAGTATGGATGTATGCT,1
GAAAGTATGGATGTAAGCG,1
GAAAGTATGGACGTATGCG,1
GAAAGTATGGAAGTATGCG,1
GAAAGTATCGATGTATGCG,1
GAAAGTATAGATGTATGCG,1
GAAAGTAAGGATGTATGCG,1
GAAAGCATGGATGTATGCG,1
GAAACTATGGATGTATGCG,1
GAAACATTGGATGTATGCG,1
GAAACACTGGATGTATGCG,1
GAAACAATGGGTGTATGCG,1
GAAACAATGGATTTATGCG,1
GAAACAATGGATGTATGTG,1
GAAACAATGGATGTATGGG,1
GAAACAATGGATGTACGCG,1
GAAACAATGGATGTAAGCG,1
GAAACAATGGATGCATGCG,1
GAAACAACGGATGTATGCG,1
GAAACAAAGGATGTATGCG,1
CTTTTTATGCATGTATGGG,1
CTTTTGATGGATGTATGCG,1
CTTGTATGGATGTATGCG,1
CTTAGTATGGATGTATGCG,1
CTTAATATGGATGTATGCG,1
CTGTTGATTGATGTATGCG,1
CTGTTGATGGATGTATGCA,1
CTGTTGATGGACGTATGCG,1
CTGTCTTTGGATGTATGCG,1
CTGTCTATGGATGTGTGCG,1
CTGTCTATGGATGTATTCG,1
CTGTCTATGGATGCATGCG,1
CTGTCTATGGACGTATGCG,1
CTGTCTATGGAAGTATGCG,1
CTGTCTATCGATGTATGCG,1
CTGTAGATGGATGTATGCG,1
CTGTACATGGATGTATGCG,1
CTGATGATGGATGTATGCG,1
CTGACTATGGATGTATGCG,1
CTCTCTATGGATGTATGCG,1
CTAAATATGGATGTATGCG,1
CGTTGCATGGATGTATGCG,1
CGTGTTATGGATGTATGCG,1
CGTGAAATGGATGTATGCG,1
CGTAGTATGGATGTATGCG,1
CGGCTGATGGTGTATGCG,1
CGCTTAATGGATGTATGCG,1
CCTTTTTTGGATGTATGCG,1
CCTTTTATGGTTGTATGCG,1
CCTTTTATGGCTGTATGCG,1
CCTTTTATGGATTTATGCG,1
CCTTTTATGGATGTCTGCG,1
CCTTTTATGGATGTATTCG,1
CCTTTTATGGATGTATGTG,1
CCTTTTATGGATGTATGCT,1
CCTTTTATGGATGTATACG,1
CCTTTTATGGACGTATGCG,1
CCTTTTATGATGTATGCG,1
CCTTTATGGATGTATGCG,1
CCTATTATGGATGTATGCG,1
CCATTTATGGATGTATGCG,1
CATTTTATGTATGTATGCG,1
CATTTTATGGTTGTATGCG,1
CATTTGTATGGATGTATGCG,1
CATTTATGGATGTATGCA,1
CATTGTTGATGTATGCG,1
CATTGTGTGGGTGTATGCG,1
CATTGTGTGGAAGTATGCG,1
CATTGTGGATGTATGCG,1
CATTGTATTGATCTATGCG,1
CATTGTATGGTTGTTTGCG,1
CATTGTATGGATTATGCG,1
CATTGTATGGATGTATGG,1
CATTGTATGGATGTATGCGC,1
CATTGTATGGATGTATG,1
CATTGTATGGATGTATCAG,1
CATTGTATGGATGTATAG,1
CATTGTATGGATGTACTCG,1
CATTGTATGGATATATGCA,1
CATTGTATGGACGTGTGCG,1
CATTGTATGGACCTATGCG,1
CATTGTATATATGTATGCG,1
CATTGCATTGATGTATGCG,1
CATTGATGGATGTATGCG,1
CATTCTATGGATGTATTCG,1
CATTCTACGGATGTATGCG,1
CATTATGGATGTATGCG,1
CATTAAATGGATGTATGCG,1
CATGGTATTGATGTATGCG,1
CATGGTATGTATGTATGCG,1
CATGGTATGGATTTATGCG,1
CATGGTATGGATGTATGAG,1
CATGGTATGGATGTACGCG,1
CATGGTATGGATGTAAGCG,1
CATGGTATGGATCTATGCG,1
CATGGTACGGATGTATGCG,1
CATCTTATGGATGTATGCG,1
CATCGTATGGATGTATGCT,1
CATCGTATGGACGTATGCG,1
CATCCTATGGATGTATGCG,1
CATATGATTGATGTATGCG,1
CATATGATGTATGTATGCG,1
CATATGATGGTTGTATGCG,1
CATATGATGGGTGTATGCG,1
CATATGATGGATTTATGCG,1
CATATGATGGATGTATTCG,1
CATATGATGGATGTATGGG,1
CATATGATGGATGTATGCA,1
CATATGATGGATGTATGAG,1
CATATGATGGATGTATCCG,1
CATATGATGGATGTACGCG,1
CATATGATGGATGCATGCG,1
CATATGATGGATGAATGCG,1
CATATGACGGATGTATGCG,1
CATAGAATGGATGTATGCG,1
CATAATATTGATGTATGCG,1
CATAATATGTATGTATGCG,1
CATAATATGGTTGTATGCG,1
CATAATATGGGTGTATGCG,1
CATAATATGGATGTATGTG,1
CATAATATGGATGTATGCA,1
CATAATATGGATGTAAGCG,1
CATAATATGGAGGTATGCG,1
CATAATATGAATGTATGCG,1
CATAATATAGATGTATGCG,1
CATAAAATGGATGTATGCG,1
CACTGTATGGATGCATGCG,1
CACGGTATGGATGTATGCG,1
CACAATATGGATGTATGCG,1
CAATTTTTGGATGTATGCG,1
CAATTTGTGGATGTATGCG,1
CAATTTATTGATGTATGCG,1
CAATTTATGTATGTATGCG,1
CAATTTATGGATGTTTGCG,1
CAATTTATGGATGTGTGCG,1
CAATTTATGGATGTATTCG,1
CAATTTATGGATGTATGCT,1
CAATTTATGGATGTATGAG,1
CAATTTATGGATGTATACA,1
CAATTTATGGATATATGCG,1
CAATTTATGGAGGTATGCG,1
CAATTTATGGACGTATGCG,1
CAATTTAGATGTATGCG,1
CAATTTAAGGATGTATGCG,1
CAATTCATGGATGTATGCG,1
CAATTATGGATGTATGCG,1
CAATATATGGATGTATGCG,1
CAAAGTATGGATGTATGCA,1
CAAACAATGGATGTATGCG,1
ATTTTTATTGATGTATGCG,1
ATTTTTATGTATGTATGCG,1
ATTTTTATGGATGTTGCG,1
ATTTTTATGGATGTATGCT,1
ATTTTTATGGATATATGCG,1
ATTTTTATGATGTATGCG,1
ATTTTTATAGATGTATGCG,1
ATTTTGATGGATGTATGCG,1
ATTTTAATGTATGTATGCG,1
ATTTTAATGGTTGTATGCG,1
ATTTTAATGGGTGTATGCG,1
ATTTTAATGGATGTTTGCG,1
ATTTTAATGGATGTGTGCG,1
ATTTTAATGGATGTATTCG,1
ATTTTAATGGATGTATGTG,1
ATTTTAATGGATGTATGGG,1
ATTTTAATGGATGTATGCC,1
ATTTTAATGGATGTATGCA,1
ATTTTAATGGATGTATCCG,1
ATTTTAATGGATGCATGCG,1
ATTTTAATGGATATATGCG,1
ATTTTAATGGAAGTATGCG,1
ATTTTAATGAATGTATGCG,1
ATTTTAATCTATGTATGCG,1
ATTTGGTTGGATGTATGCG,1
ATTTGGATGGGTGTATGCG,1
ATTTGGATGGATGTGTGCG,1
ATTTGGATGGATGTATGCT,1
ATTTGGATGGATGTATGAG,1
ATTTCGATGGATGTATGCG,1
ATTTATATGGATGTGTGCG,1
ATTTATATGGATGTATTCG,1
ATTTATATGGATGTATGAG,1
ATTTATATGGATGTATACG,1
ATTTATATGGATGTAAGCG,1
ATTTATATGGATATATGCG,1
ATTTATATGGACGTATGCG,1
ATTTATACGGATGTATGCG,1
ATTTATAAGGATGTATGCG,1
ATTTAATGGATGTATGCG,1
ATTGAGTGGATGTATGCG,1
ATTGAATGGGTGTATGCG,1
ATTGAATGGATGTTTGCG,1
ATTGAATGGATGTGTGCG,1
ATTGAATGGATGTCTGCG,1
ATTGAATGGATGTATGGG,1
ATTGAATGGATGTATGCT,1
ATTGAATGGATGTATACG,1
ATTGAATGGATGTACGCG,1
ATTGAATGGATATATGCG,1
ATTGAATAGATGTATGCG,1
ATTGAAGGGATGTATGCG,1
ATTCCTATGGATGTATGCG,1
ATTCATATGGATGTATGCA,1
ATTCATATGGATGTAAGCG,1
ATTCAATGGATGTATGCG,1
ATTATTTTGGATGTATGCG,1
ATTATTGTGGATGTATGCG,1
ATTATTATTGATGTATGCG,1
ATTATTATGGATTTATGCG,1
ATTATTATGGATGTTTGCG,1
ATTATTATGGATGTATTCG,1
ATTATTATGGATGTATGTG,1
ATTATTATGGAGGTATGCG,1
ATTATATGGATGTATGCG,1
ATTATAATGGATGTATGCG,1
ATTAGTATGGATGTATGCG,1
ATTACTATGGATGTATGCG,1
ATTACGATGGATGTATGCG,1
ATTACATTGGATGTATGCG,1
ATTACAATTGATGTATGCG,1
ATTACAATGTATGTATGCG,1
ATTACAATGGATGTATGTG,1
ATTACAATGGATGTATGAG,1
ATTAATATGGATGCATGCG,1
ATTAAATGGATGTATGCG,1
ATGTTTATGGATGTATGCG,1
ATGTTGATGGATGTATGCG,1
ATCTTTATGGATGTATGCG,1
ATCGAATGGATGTATGCG,1
ATCCATATGGATGTATGCG,1
ATATTTATGGATGTATACG,1
ATAATTATGGATGTATGCG,1
ATAAGTATGGATGTATGCG,1
ATAACAATGGATGTATGCG,1
ATAAATATGGATGTATGCG,1
AGTTAAATGGATGTATGCG,1
AGGTCTATGGATGTATGCG,1
AGCCTTATGGATGTATGCG,1
AGAGTTATGGATGTATGCG,1
AGACTTATGGATGTATGGG,1
AGACTTATGGATGTAAGCG,1
AGACTTATGGATCTATGCG,1
AGACTTATCGATGTATGCG,1
AGACTTACGGATGTATGCG,1
AGACTTAAGGATGTATGCG,1
AGACTAATGGATGTATGCG,1
ACCTACATGGATGTATGCG,1
ACATTTATGGATGTATGCG,1
ACACTTATGGATGTATGCG,1
AATTTTATGGTTGTATGCG,1
AATTTTATGGCTGTATGCG,1
AATTTTATGGATGTGTGCG,1
AATTTTATGGATGTATGTG,1
AATTTTATGGATGTATACG,1
AATTTTATGGATGTAAGCG,1
AATTTTATGGATGCATGCG,1
AATTTTATCGATGTATGCG,1
AATTTTATAGATGTATGCG,1
AATTGTATGGATGTATGCT,1
AATTATCTGGATGTATGCG,1
AATTATATGGATGTATGAG,1
AATTATATGGATGTATACG,1
AATTATATGGATGTAAGCG,1
AATTATATGAATGTATGCG,1
AATTATAAGGATGTATGCG,1
AATTAGATGGATGTATGCG,1
AATGGTATGGATGTATGCG,1
AATCTTATGGATGTATGCG,1
AATATGATGGATGTATGCG,1
AATATAATGGATGTATGCG,1
AATAATATGGATGTATGCG,1
AATAAAATGGACGTATGCG,1
AAGTTAATGGATGTATGCG,1
AAGTAAATGGATGTATGCG,1
AAGATATTGGATGTATGCG,1
AAGATACTGGATGTATGCG,1
AAGATAATTGATGTATGCG,1
AAGATAATGGTTGTATGCG,1
AAGATAATGGATGTGTGCG,1
AAGATAATGGATGTATGGG,1
AAGATAATGGATGGATGCG,1
AAGATAATGGATATATGCG,1
AACTATATGGATGTATGCG,1
AACCCCATGGATGTATGCG,1
AACACAATGGATGTATGCG,1
AAATTTATGGATGTATGCG,1
AAATGAATGGATGTATGCG,1
AAATATATGGATGTATGCG,1
AAATAATGGATGTATGCG,1
AAATAAGTGGATGTATGCG,1
AAATAACTGGATGTATGCG,1
AAATAAATGTATGTATGCG,1
AAATAAATGGATGTATGCT,1
AAATAAATGGACGTATGCG,1
AAATAAATGCATGTATGCG,1
AAATAAACGGATGTATGCG,1
AAACTTATGGATGTATGCG,1
AAACAAATGGATGTATGCG,1
