	count
GATTATATG	9658
ACGTGGATG	8163
TCGTCTATG	7670
GGTGGCATG	6406
GGCTGTATG	6398
CAGCGGATG	6198
CGGTAGATG	6174
AAGCTGATG	5629
TTGTGGATG	4856
AACTTGATG	4830
TTGTCGATG	4826
GGTCGAATG	4712
AATTGGATG	4594
GGGTTTATG	4559
ATTTTAATG	4113
CTTTTTATG	4079
TATCGGATG	3970
GGTTGAATG	3642
TCTTTGATG	3561
GGGTATATG	3374
CGTCCGATG	3052
TGTCTGATG	2900
CGGCAGATG	2815
CCACGCATG	2676
ATTCAGATG	2660
TGATGGATG	2571
GATGGGATG	2542
GCTCTTATG	2513
CGGTGCATG	2371
CGCCGGATG	2346
TGGGGGATG	2304
TGGGTAATG	2301
TTGTGTATG	2278
TCTCGAATG	2230
GGCACGATG	2093
TGGTTTATG	1971
CACTCAATG	1832
CTTCACATG	1784
TATGCTATG	1781
GGGTCCATG	1743
GGGTCAATG	1742
TTGTAAATG	1729
ACCTGTATG	1712
TTTTTTATG	1639
GGGGTTATG	1618
GTGTTTATG	1610
CTGCTTATG	1591
ACGTGTATG	1536
CATTATATG	1483
TAGCGTATG	1478
CCTTTAATG	1477
AGCCTGATG	1445
CGACAGATG	1417
AACTCAATG	1412
GGTTTTATG	1355
TCATGTATG	1312
TGGTGTATG	1302
AATTCCATG	1299
CCTCCTATG	1299
TACCGCATG	1296
ATAACAATG	1286
GCGCATATG	1242
CCGTTGATG	1240
CTTAGCATG	1232
TTGTTTATG	1213
AGTTTAATG	1178
CGCGGAATG	1149
TGGGTGATG	1126
AGGTGCATG	1101
AAAGGCATG	1090
CCCTAGATG	1082
CATTTGATG	1079
GGGTAAATG	1067
GGTTGCATG	1066
TACACGATG	1066
TATCACATG	1063
GGTTCAATG	1058
CTCTTAATG	1026
ATTTATATG	1011
GGTGGGATG	995
ATGCTAATG	985
CTGCTGATG	966
CGTCGAATG	958
GGGCACATG	953
TATGTGATG	935
GTGGTTATG	907
GGGTTGATG	899
TGATCTATG	867
ATACTTATG	863
TGGAGCATG	863
TGCTTAATG	862
CTAGAAATG	858
GCGTTCATG	846
TGCTGTATG	844
ACCTGCATG	843
GTTTTAATG	828
ACCTTGATG	826
CTGTGTATG	826
CGTTAGATG	803
TCACGGATG	790
TAGGGAATG	790
TGGCCCATG	782
GTGTACATG	775
CACTAGATG	766
GTTCTAATG	755
GGGCGTATG	755
GGTCGTATG	735
TGTGGGATG	732
ACTTGTATG	723
CGTGGCATG	713
TTTGGTATG	703
CATCTGATG	697
GTCCGGATG	676
CTGGTTATG	670
CGGGTAATG	665
CAGTATATG	665
AGGTGTATG	661
GGATGCATG	653
TTGCCCATG	649
GACCGCATG	638
CGGGTGATG	632
TGGTGGATG	632
CCTCTAATG	629
TGGCGCATG	626
GTCTGGATG	620
TGACGGATG	619
TGGTGAATG	607
AGCTTGATG	603
GTAAGAATG	597
TGCTTGATG	595
TGGTTGATG	590
TGACGAATG	587
TATGTAATG	585
TCGCTGATG	583
GCGTACATG	582
CAGTTTATG	574
CTCAAAATG	572
CGTTCAATG	571
ATGTCTATG	570
CTGTACATG	552
AATTTGATG	549
GCGCGGATG	547
TAGTGTATG	546
TTACGGATG	542
ATGGGAATG	542
TTTGTGATG	541
GTGTATATG	535
ATGCGAATG	534
ACGCTTATG	531
TGGCAGATG	521
ATCTATATG	510
TTTAGAATG	501
CGAGTTTAT	496
GCACTTATG	492
GTATGTATG	489
TAATTGATG	488
CTAGTAATG	488
GTGTGCATG	483
CTGAGGATG	482
AAAGGGATG	480
TATTTGATG	479
GGTGCTATG	474
AGTGAAATG	473
CGGTGAATG	469
GCCCGTATG	467
TCCTAGATG	461
TGGTTCATG	459
GGTTAGATG	459
GAGGGTATG	456
CATCAAATG	449
GTTCAAATG	445
TGCTCTATG	442
GTAATGATG	437
TAGGTAATG	437
TCTTTTATG	431
AGCTCTATG	428
CGGCCCATG	420
GGGCGAATG	420
TGTGCGATG	414
CGTAGTATG	413
GGGCCTATG	398
ACACGTATG	393
CTTGGTATG	392
GGCTACATG	385
ATGTTTATG	380
GCCTAGATG	375
CAGTGGATG	369
CACCGGATG	369
TTGCAGATG	367
AAGGTAATG	364
GTTGGTATG	363
CTCCCAATG	361
GCTTGGATG	354
GTGCTAATG	350
TTTTGTATG	349
TTATGTATG	348
GTGGTAATG	348
GGGGCCATG	347
AAAGTTATG	346
TATCCGATG	344
CGGGCGATG	344
AGTTTCATG	342
TAGCGCATG	340
CGAGCTATG	336
TGTGTCATG	333
TGGCATATG	332
TATTCGATG	332
AAGTCTATG	329
GTTGAAATG	329
GGTGTAATG	327
CGCTCGATG	325
TTGTCAATG	322
GGCCGCATG	322
CGATAGATG	321
GTGTGTATG	320
TTCTATATG	307
TGCTTCATG	304
ATTTAAATG	301
TTAGAGATG	301
ATCAGAATG	300
GCGTGGATG	298
GAGCTCATG	297
ATTGGGATG	296
TGTTCCATG	296
GATCTCATG	293
TTTTTGATG	292
ACATGCATG	290
TCATGGATG	288
CGGGGTATG	287
CTGTAAATG	285
TGTTCTATG	284
TGGATGATG	280
GATTACATG	279
TAATGCATG	276
TGCATGATG	274
TGCTAAATG	269
GGGTCTATG	268
AAGAGGATG	267
CGGTCCATG	266
TGCTCGATG	264
TAGGACATG	260
CGTTTCATG	260
CGGCGAATG	258
GTTCAGATG	255
GGGCGGATG	254
CTGGGAATG	252
GTATGGATG	249
ACTGTGATG	246
CGAGGTATG	245
TAGGTTATG	241
GGCTTTATG	237
TGGCTTATG	236
GTGGGGATG	233
GTTTTCATG	232
GGGGCTATG	232
TGGCCGATG	231
GCGTGCATG	231
TGTTGTATG	228
CTTATTATG	228
CTGGCTATG	228
AGCTGAATG	228
CCTGGGATG	226
TGTTGGATG	224
CCATTCATG	223
ACGTTTATG	222
TAGTCGATG	221
AGTCTTATG	220
CGGAATATG	219
GGATAGATG	219
CTGTCGATG	219
GACTAGATG	218
CGCAGTATG	217
TTTATGATG	217
ACGTGCATG	216
TGTTGAATG	214
AGCGAAATG	212
TGACCAATG	212
CTGTTTATG	211
ATTCCTATG	207
TGCTGGATG	206
GAAGATATG	206
CAGCTCATG	205
ACATTAATG	204
GTGTGGATG	202
TGTGATATG	200
CGGCCGATG	200
ATGAAAATG	198
AGGCCCATG	198
CGAGTTATG	196
GTTTTGATG	193
TAATTTATG	192
GGCTTAATG	191
TACTATATG	190
CAGTGTATG	190
TGGTAGATG	189
TTATTTATG	188
TGTGGTATG	188
TATGGCATG	187
GCGTGAATG	187
GGTTTCATG	187
AGCTGGATG	186
GCTCGGATG	185
TTTCACATG	183
CGGGGGATG	183
ATGGCAATG	181
GGATGGATG	180
TGATATATG	180
CCCCTCATG	179
TATATGATG	179
CAAATAATG	178
TCTGTGATG	177
TTGAATATG	177
TAAGTGATG	177
TTGACAATG	176
TATTTAATG	175
TGTCCTATG	174
GATTCGATG	172
TTTGTTATG	168
CCTACGACG	167
GTGTTAATG	167
TTCCCGATG	167
GGGTGGATG	167
GGTTGGATG	166
TTTCGCATG	165
TGTTAGATG	164
GATACGATG	164
GATTGGATG	164
TCTTGTATG	163
GATCTTATG	163
TATTAGATG	162
GTTGGGATG	162
ATGGTTATG	162
GGGCTGATG	160
AAAATGATG	158
ACGTTGATG	158
GGGCGCATG	157
GGATGTATG	156
TATGGGATG	156
AGGGGCATG	156
TCTTAGATG	155
AGGGTAATG	155
ATAACGATG	155
AATGGTATG	154
CGGTTGATG	153
ATGACGATG	153
GTAGTGATG	152
GGTCGGATG	152
GTCATAATG	152
AGCGTGATG	152
GGGTGTATG	152
GTACGCATG	151
AAGGCGATG	151
GAGTGGATG	150
GGTTTGATG	150
CTCCTTATG	150
TTTTGGATG	150
GCCTCGATG	148
CACAGCATG	147
ATAGGTATG	147
GAACCCATG	147
CGTTTTATG	146
TGGAGAATG	145
AGCGCGATG	144
TTGTACATG	143
GGATTGATG	143
TGTGGCATG	143
TTTCTGATG	142
TTTTGCATG	142
TCATTAATG	142
CTCTGTATG	142
TGGTCGATG	142
TCCGTTATG	141
GGTTGTATG	141
CGAGATATG	141
GCATAGATG	141
TTGGGGATG	141
CCAGCTATG	140
GGTGTGATG	140
CTATTAATG	139
TCGTGTATG	139
CTTCAAATG	139
GTGGGCATG	138
CGCTCAATG	138
CATTTCATG	138
ATTGGAATG	137
ACTGCGATG	137
TTATCAATG	137
ATCTTTATG	136
CTGGCCATG	135
TGGGGTATG	135
TGTTTGATG	134
CGGGTTATG	134
GGTCCCATG	133
GGTGGAATG	132
AGTGGGATG	132
GGCTATATG	132
TTATGGATG	131
TGGGAAATG	131
TAGTCAATG	131
TGGGCAATG	131
TGGGCGATG	130
CGTTGGATG	129
CCATACATG	128
GAGTACATG	128
ATATGGATG	126
GGTGCCATG	126
GCTAGGATG	125
AGTATTATG	125
CTTTGCATG	125
TGGGGAATG	124
GGACGCATG	121
CGACTTATG	121
CATGTTATG	120
CGGTGGATG	119
TGGCGGATG	119
AAATGGATG	119
AGGGGGATG	118
GTTTGGATG	118
GCACAAATG	118
ATGTGTATG	117
GGTTATATG	117
GATGGTATG	117
TGTTTTATG	117
CTGTGGATG	117
TTATAAATG	117
TTCGATATG	116
TGATGTATG	116
AGGGGTATG	115
GGCCTTATG	114
ATGGAAATG	114
CGGTTTATG	113
ACCCTAATG	113
TAGGGGATG	112
TTACATATG	112
GGGTGCATG	112
CGGGGAATG	111
AATCGTATG	111
TGGTAAATG	111
CCGGTTATG	110
TCATCAATG	110
ACTGTCATG	110
TTGCGTATG	109
TATGGAATG	107
GGGAGCATG	106
CCGGGTATG	106
TGTCGGATG	106
GAAGTTATG	105
GATGCGATG	105
AGGTGAATG	104
GCGTATATG	104
TATCTGATG	104
GCTGGTATG	103
GCTTATATG	103
AAGTTGATG	103
AAGGGTATG	103
ACGGGCATG	102
CGGCATATG	102
GTATATATG	102
TTTTATATG	102
AGGTTTATG	102
GCATGGATG	102
GTTCGGATG	102
GACTCTATG	102
TTTTTCATG	101
ACACTGATG	101
GCGTCGATG	101
ATTTTTATG	101
GGGTTAATG	100
GAGTTTATG	100
GATGGAATG	100
TGCTTTATG	98
GTATTAATG	98
GGCTTGATG	98
TTGTTGATG	98
ATGCGTATG	98
ACTCGAATG	98
GGCCATATG	98
GTAGGAATG	98
CGTTACATG	97
GTCTGTATG	97
CTGTATATG	97
CACGGTATG	96
TAGCGGATG	96
GTTGTTATG	96
TTGTATATG	96
GATGATATG	96
GATGTGATG	95
CAGCCTATG	94
ATTGAAATG	93
TAGTAAATG	93
GGGGACATG	93
TCGCGGATG	93
CATGTGATG	93
GAGTTAATG	92
CTGGGTATG	92
GGACACATG	92
GCGTGTATG	92
CGGTTAATG	92
TCGCCTATG	92
CGCCTTATG	92
TGATTTATG	91
TTCTGGATG	90
CATCCTATG	89
GGCCGGATG	89
GGGCCGATG	89
CGCTTGATG	88
TAGTTTATG	87
GGCGATATG	87
CTTGTTATG	87
GTGTAAATG	87
TCGTGGATG	87
GATTTTATG	87
GTGTCTATG	87
TGCTGCATG	86
GGGTCGATG	86
TGGTGCATG	86
CGTTCGATG	86
CGTTGAATG	86
CGCCCAATG	86
GCCTTGATG	85
GGATTTATG	85
CTCTTTATG	85
ATTCTTATG	85
TGCTGAATG	85
GATAAGATG	84
CCCTGTATG	84
TGGCTGATG	84
GTGTGAATG	84
CAATCGATG	83
GTATCTATG	83
TGGGGCATG	82
GCGCTGATG	82
TAGTTGATG	82
GCGCGTATG	82
AGGTATATG	82
TAGTGGATG	81
AATGGGATG	81
TGCCAGATG	81
CGCACAATG	81
TGTTTAATG	81
TTTGTAATG	80
GCTGCAATG	80
GTTCGCATG	80
CGGTGTATG	80
TTTCTTATG	80
TCGTCGATG	80
CTTTTGATG	79
GATTTGATG	79
TATCTTATG	79
TTCCTTATG	79
GGTGTTATG	78
GACTGGATG	78
CACGTAATG	78
TAATGGATG	78
CGTATAATG	78
TAGGGTATG	78
CGCCGTATG	78
CTGGCGATG	78
GATCCTATG	77
TACTTTATG	77
TGGCCAATG	77
AGTGGTATG	77
TTTAGGATG	77
GTGATGATG	76
TGCCGCATG	76
GAGCGGATG	76
GAATATATG	76
ATGTTAATG	76
TATTGGATG	75
GAGATCATG	75
AGCTCCATG	75
GGGAGTATG	74
CGGCGCATG	74
TTTTAAATG	74
GTATGAATG	74
TTAGTAATG	74
CCGCGAATG	73
CGGCTCATG	73
ACTTTGATG	73
GAAATAATG	73
AGAGGGATG	73
ACAGATATG	72
AACCGAATG	72
CTATTGATG	72
GCGCCGATG	72
TTCTTTATG	72
TTAGCCATG	72
GGACCTATG	72
GAACGAATG	72
CGTCCTATG	72
GATTGAATG	72
CGCATTATG	72
CTTTGTATG	72
AGGTTCATG	71
TATAGTATG	71
TAGGCTATG	71
GTGCGGATG	71
TGAAGTATG	71
GTTTATATG	71
AGCTTTATG	71
CATTGCATG	70
CGCTGGATG	70
TAGTGAATG	70
TTCCGAATG	70
GGGTTCATG	69
CGGCTGATG	69
GATGGCATG	69
GGTCAGATG	69
AGGCGCATG	69
TATTATATG	69
TAGCCGATG	69
GGTCTTATG	68
CGGCGGATG	68
TCGAATATG	68
TGGAGTATG	68
TCGTTAATG	68
ACTCGGATG	67
GAGCGTATG	67
CTCGCTATG	67
TTTTTAATG	67
AATGGAATG	66
AAAATCATG	66
TTGGGTATG	66
GTTTGCATG	66
TCAAGCATG	66
GTATTCATG	65
AGTTTTATG	65
TAGCTTATG	65
TCCCAAATG	65
AAGTGGATG	65
TTGCATATG	65
AATCTTATG	65
TTGATTATG	65
CCGCGCATG	65
GGTGATATG	65
TGCGGTATG	65
GAATGGATG	65
TGTCAGATG	65
GTTTTTATG	64
GTGCATATG	64
AGGGACATG	64
TTATAGATG	64
TGTCTCATG	64
TGATGCATG	64
AATTATATG	64
ATTTTGATG	64
CGGTCTATG	64
CAGTGAATG	63
TGGTCAATG	63
AGATTTATG	63
TCATTGATG	63
TAGTCTATG	63
AATTCAATG	63
CTAGACATG	62
ACTCTAATG	62
TTTTGAATG	62
GTATTGATG	62
TCTCAGATG	62
TGGCGTATG	62
TATGTTATG	62
AGATTCATG	62
GGTTAAATG	62
AATCCAATG	62
CGACGCATG	61
CGTCTGATG	61
GAGACGATG	61
GCGGCTATG	61
TCTTGAATG	61
GTGCCGATG	61
TGGTACATG	61
GAGGTAATG	61
ACGGGGATG	61
GACTGTATG	60
AGGCGAATG	60
ATTTGTATG	60
GTTTGAATG	60
AGTTGGATG	60
TGGCACATG	60
CGTCATATG	60
CTGTTCATG	60
TTTTCTATG	60
GACTGCATG	60
TGGGTTATG	60
TCTCGGATG	60
AGTTGTATG	59
AGCCCTATG	59
CATGGGATG	59
GTCTTTATG	59
AGACGGATG	59
TGATTAATG	59
GTCTTGATG	58
GTGGTGATG	58
AGGGTGATG	58
ATAGAGATG	58
AGTCGGATG	58
GTATTTATG	58
TATTTCATG	57
AGATTGATG	57
GCTTTTATG	57
GTGCTTATG	57
GCGCGCATG	57
GCATGTATG	57
AATGTGATG	57
CGCCGCATG	56
CGTTTGATG	56
GATTAAATG	56
ACTTATATG	56
GACTTGATG	56
GCGGATATG	56
GTGCGTATG	56
GATTCTATG	56
GGTAATATG	56
TAGTGCATG	56
CCGTTCATG	56
TTTCGGATG	56
GGGAACATG	56
AGGTCGATG	56
TGTTATATG	56
TAGGGCATG	55
GCGTTGATG	55
CCGCGTATG	55
CATGGTATG	55
CATTTAATG	55
ATTTACATG	55
GGGACGATG	55
TCTGGGATG	55
CACGCGATG	54
CTCTGGATG	54
TATGGTATG	54
TTGCGAATG	54
TAGTAGATG	54
TATTTTATG	54
TATGCCATG	54
TGGTTAATG	53
TAGGCCATG	53
GGATATATG	53
CGTTTAATG	53
ATCCTGATG	53
CAAACTATG	53
GGCTCTATG	53
TTAGCTATG	53
CGTCGGATG	53
GCTTACATG	53
ATGTGAATG	53
GGTTCTATG	53
GATGAGATG	53
TCTGTTATG	53
TCATCTATG	52
TATTACATG	52
AGTCGAATG	52
TGTTGCATG	52
CGGCCAATG	52
ATTTGAATG	52
TATTGTATG	52
CGGTATATG	52
GGGTAGATG	52
GCCTGGATG	52
GCTTGAATG	52
ATATGTATG	52
GCTTGTATG	52
CTGCCTATG	52
CTCTTGATG	52
CGATCCATG	52
ATGTGGATG	52
GTGTTGATG	52
AAATTGATG	51
TGGTCCATG	51
GCGCTTATG	51
GGGGTAATG	51
GGACGGATG	51
CGCGCGATG	51
TATGACATG	51
TTCCGCATG	51
GTTTGTATG	51
TGATTGATG	51
GCCCCGATG	51
AGGCGTATG	51
AGTTGAATG	50
GGCCAAATG	50
CGTTGTATG	50
GGACTGATG	50
TCGGGAATG	50
AGGGTTATG	50
CGGGCCATG	50
TGTGTTATG	50
GCGGTTATG	50
GATCGTATG	50
TAGAGCATG	50
TGTTCAATG	50
GTGGATATG	50
CGTGGGATG	50
ACATAGATG	50
GCCTGTATG	50
CCTTGCATG	50
AGATGGATG	49
TGAGTAATG	49
GAACTCATG	49
CCTGGCATG	49
GGCAGGATG	49
GGCTGGATG	49
GATATGATG	49
CGACGTATG	49
TGGTCTATG	49
TTTGGCATG	49
AATGGCATG	49
TATGATATG	49
TGCCGAATG	48
GCGGGGATG	48
TAGGTGATG	48
GGCTCAATG	48
CAGCGCATG	48
CATGCTATG	48
GGCTGAATG	48
CTTTATATG	48
TTTGGAATG	48
TTGTTCATG	47
CGCTTTATG	47
AAGGGGATG	47
GCTCGTATG	47
CCTCGGATG	47
CAGCGTATG	47
CTGCTCATG	47
CGCCAGATG	47
CACTGGATG	47
TTTTAGATG	47
TTGGATATG	47
CGATGGATG	47
GTCTATATG	47
TTATTGATG	47
GGTTTAATG	47
AGGTTAATG	47
CGGGATATG	46
TTGGAGATG	46
TTATGCATG	46
GTTCGAATG	46
GATTTAATG	46
GCCAAGATG	46
CTTTGGATG	46
CGTGTAATG	46
TCATAGATG	46
GAGCTGATG	46
GGGCAGATG	46
CGCTGAATG	45
AGACGCATG	45
TGTGCTATG	45
CGGGTCATG	45
GTTCCGATG	45
ATTGTGATG	45
GCTTGCATG	45
CCGGGAATG	45
TATCCTATG	45
CTGGGCATG	45
CGGGGCATG	45
CTACATATG	45
AAAGGTATG	45
GTCTGCATG	45
AAGGTTATG	45
GGGCTTATG	45
ACTTCCATG	45
AGTCGTATG	45
GCATTTATG	45
AGGCCGATG	44
AATTACATG	44
AGACTGATG	44
TATGAGATG	44
TGGCTCATG	44
GTGCGCATG	44
GCTTTAATG	44
TGTGGAATG	44
AACTATATG	44
GCTCATATG	44
GGATCTATG	44
ATTTCTATG	44
GACTATATG	44
GGCCGTATG	44
GTATCGATG	44
GCGCGAATG	44
GTTTCGATG	44
CGGTACATG	44
ACGCCTATG	43
CTGACGATG	43
TTGGGCATG	43
ACGCGGATG	43
CCTCTGATG	43
GTTCCTATG	43
GGGCATATG	43
TGCCCGATG	43
TGCCGTATG	43
GTTCTGATG	43
CCACTCATG	43
TGCGTTATG	43
CGATGTATG	43
TCATTTATG	43
TCTGGTATG	43
AATTTTATG	43
CTGTCTATG	43
GTGTAGATG	43
GTACCTATG	43
GAGTGCATG	43
GATTAGATG	43
GCCTGCATG	43
CCATTGATG	43
GTAGGCATG	43
TGATAGATG	43
CGTGTTATG	43
TCGTGAATG	43
CGTATGATG	43
ATATTTATG	42
TGCTAGATG	42
GGCGTGATG	42
AGATGTATG	42
TTCTTAATG	42
GCATACATG	42
CGGGCAATG	42
CGATTCATG	42
TTCCGGATG	42
GCGTCTATG	42
CATTGTATG	42
TCGCCAATG	42
GGTCTAATG	42
GGTGGTATG	42
CCGCTGATG	42
CATTGGATG	42
GGCGCTATG	42
AGTCATATG	42
TCTTATATG	42
TTGTTAATG	42
ATTTTCATG	42
GAGGGGATG	41
ACTTGGATG	41
GTGTCGATG	41
ACGCGAATG	41
TAGCACATG	41
CTTTCGATG	41
TGGCGAATG	41
CGGCACATG	41
GGGAATATG	41
TTATCTATG	41
GTATAGATG	41
CGCGACATG	41
ATTCATATG	41
TGTCGCATG	41
TTTCGAATG	41
AACCGTATG	41
TTCTTCATG	40
TGATTCATG	40
GGCGTTATG	40
TGCTCAATG	40
AGTGTTATG	40
CATCAGATG	40
CTGGTAATG	40
AGATAGATG	40
CGCCCGATG	40
CTTTCCATG	40
GTACATATG	40
CCACTGATG	40
GGGTGAATG	40
TCCGTAATG	40
ACGGGAATG	40
TTGTGCATG	40
CGGTAAATG	40
TATAGGATG	40
TACTGAATG	40
TGTTTCATG	40
CGAACGATG	40
CTATGAATG	39
ACATCGATG	39
TCCTGGATG	39
ACGCACATG	39
GAGACAATG	39
AGTGGAATG	39
GACTTCATG	39
TTCGCCATG	39
TTCTGTATG	39
GTTCATATG	39
AGATGCATG	39
AAGCCGATG	39
GATTGTATG	39
AATTCTATG	39
TTAGGAATG	39
TTTTACATG	39
CGCTTAATG	39
TGTCATATG	39
GAGTGAATG	39
AGCTTCATG	39
ATTTGCATG	39
TCTGCAATG	39
CGTCTCATG	39
CAGGTGATG	38
GCAAGGATG	38
TCGTTTATG	38
CCTCACATG	38
ATATGCATG	38
GTCCGCATG	38
ACTGGCATG	38
GTTTAGATG	38
CCAAGTATG	38
AGTCGCATG	38
CGTCGCATG	38
CAATGTATG	38
GTGCGAATG	38
TCGCGTATG	38
GCTGGGATG	38
ATGCTTATG	38
CAATGGATG	38
GGGTACATG	38
CTGTTGATG	38
ACTTACATG	37
TGTCTAATG	37
CGTGTGATG	37
CACTTCATG	37
GACACTATG	37
GGATGAATG	37
TACTGGATG	37
AGGTTGATG	37
TCTTGGATG	37
CGTGGAATG	37
GGTTACATG	37
AAACTTATG	37
AAGTGAATG	37
CCGTTAATG	37
TCCTACATG	37
TGTCACATG	37
TATTGAATG	37
AGTAGTATG	37
CGACATATG	37
ACGCGTATG	37
AAGTTTATG	36
CGGAGTATG	36
ATATTGATG	36
GGCCAGATG	36
GATGTTATG	36
AAGGTGATG	36
TCATGCATG	36
CGCTGTATG	36
TAGCCCATG	36
GAGTTGATG	36
CCGCTTATG	36
GTACTTATG	36
AAGTGCATG	36
ATGTCCATG	36
TTGGCGATG	36
CGCCGAATG	36
TAGTATATG	36
CTCCATATG	36
CACTTGATG	36
CCGTCCATG	36
TCTTCTATG	35
CGTTGCATG	35
GGGGTGATG	35
CGAGTAATG	35
TATCTAATG	35
AATGTCATG	35
AGGTCTATG	35
GGCGGGATG	35
GGCTAAATG	35
TTATATATG	35
AAACGGATG	35
GGTCTCATG	35
TTCATGATG	35
TCTTTAATG	35
TCTCGTATG	34
AAATCGATG	34
TTCTTGATG	34
AGCTCAATG	34
TCTTTCATG	34
GCGCCTATG	34
TTGCGCATG	34
CGGTTCATG	34
GATCGGATG	34
GGCTGCATG	34
GAGCGCATG	34
AAACTCATG	34
CCAGGGATG	34
GGTCATATG	34
GGGATGAAT	34
CTCAGGATG	34
AGTCCCATG	34
GGGGTCATG	33
CTTGGAATG	33
CGCTGCATG	33
TGTTAAATG	33
ACTGGAATG	33
TGGTATATG	33
ATGTAGATG	33
TGTATCATG	33
ATCTCTATG	33
TGTTCGATG	33
ACTCTTATG	33
GGGAAAATG	33
TAATCCATG	33
AGGCATATG	33
GCCCCAATG	33
AGATTAATG	33
GGCCCTATG	33
TTCTGAATG	33
GATCTAATG	33
GCCTTAATG	33
CGGCTAATG	33
TTGGTTATG	33
GAGTCAATG	33
AGCTTAATG	33
TCGTATATG	33
CTGCGTATG	33
AGTCCGATG	33
TGACTGATG	33
TACAGTATG	33
CCTTTTATG	33
CAATGAATG	33
CGTGATATG	33
AAGCAGATG	33
TTCCGTATG	33
GGAGGGATG	33
TAGAGGATG	32
GTAGGTATG	32
CTGAAAATG	32
ACGTAAATG	32
TAGGATATG	32
CAGTTAATG	32
AAGCCTATG	32
GCAGTAATG	32
ATATTCATG	32
GAATAGATG	32
GCCGTGATG	32
GTACGTATG	32
CTATGGATG	32
ATCTTAATG	32
CTGCTAATG	32
ATGTTGATG	32
GTAACAATG	32
ACAGCCATG	32
GTTCTTATG	32
CGATCGATG	32
ATATATATG	32
CCCCGCATG	32
AGTGGCATG	32
GGGCCAATG	32
CTGTGCATG	32
GAGCTTATG	32
TCGTTCATG	32
TGTGTAATG	31
CCCGGGATG	31
CAGTCAATG	31
CCTATTATG	31
GAATGTATG	31
TGTATTATG	31
CAGTTCATG	31
TAACTGATG	31
GCGTTTATG	31
AACTCCATG	31
CGTCGTATG	31
CGGCGTATG	31
GGACCGATG	31
TGTAGTATG	31
GCGGGCATG	31
GCGATTATG	31
AGATATATG	31
CCCTTAATG	31
TAATGAATG	31
CCCAATATG	31
TTAATTATG	31
CCCCGTATG	31
TTTATTATG	31
TAGCCTATG	31
AAGTTCATG	31
AATTGCATG	31
CTAAGTATG	31
CTGGTGATG	30
GAAGTAATG	30
ACTCACATG	30
CCTTCGATG	30
TAAATCATG	30
TGGCAAATG	30
ATGGGCATG	30
TACTCCATG	30
CGTGAAATG	30
TTTTCCATG	30
ACATGGATG	30
CCGGGCATG	30
TAGCAAATG	30
TGTCGAATG	30
AGTTCGATG	30
TAGTTAATG	30
TGGACTATG	30
GGGATTATG	30
GTTGTGATG	30
CATAATATG	30
ACTCGCATG	30
TCGGATATG	30
GCGTTAATG	30
GATACAATG	30
GAGTCCATG	30
TGTCTTATG	30
GCAGTCATG	29
GAACCTATG	29
CCGGATATG	29
TTGTCTATG	29
TATACTATG	29
GAGGGCATG	29
TGTGAGATG	29
ATGTTCATG	29
TCGCCGATG	29
TGCGCGATG	29
AGGATTATG	29
TTGTAGATG	29
CAGGTTATG	29
GTCTGAATG	29
AGCCGGATG	29
TGAGAGATG	29
TACTAGATG	29
CGTTCCATG	29
GAGTTCATG	29
CCACGGATG	29
TTGTGAATG	29
CCACGTATG	29
CCATATATG	29
CTCTCTATG	29
GCCCCTATG	29
CTACGTATG	29
CGATAAATG	29
TACGGTATG	29
ACTCATATG	29
TGTCGTATG	29
CGTGCTATG	29
TTAGGCATG	29
GAGCATATG	29
AGGTAAATG	29
GTACGGATG	29
ACGGCGATG	29
TCTGGAATG	28
GACTTTATG	28
GTGGCGATG	28
GTGAGGATG	28
TACGTTATG	28
ACCTCGATG	28
CAAAGTATG	28
TCCTTTATG	28
GGGGAAATG	28
GTTTCAATG	28
TTTCGTATG	28
TGTCCCATG	28
GCTTTCATG	28
TGGCTAATG	28
ACACGCATG	28
CATGCCATG	28
CATCGGATG	28
GTTCGTATG	28
TCGGCAATG	28
AAGCTTATG	28
GATGCTATG	27
TAAATTATG	27
CGTGCCATG	27
CTGCGCATG	27
GGTTCCATG	27
TCTGGCATG	27
ACGGAAATG	27
GTTCTCATG	27
GTACCGATG	27
TGTCAAATG	27
ACATGAATG	27
AACTTTATG	27
TACCGGATG	27
ACGTTAATG	27
AATTGAATG	27
AGATCTATG	27
GTTTCCATG	27
AATGTAATG	27
CCGTGCATG	27
GGTTCGATG	27
AAATATATG	27
GTGCTGATG	27
ATGACCATG	26
GTCTTAATG	26
AGTTTGATG	26
GCGGTAATG	26
TGACGCATG	26
TTTAGTATG	26
GAATTTATG	26
ATCCGTATG	26
GCCGCTATG	26
CCTGCGATG	26
CAGCGAATG	26
ATTCGGATG	26
GGCGAGATG	26
ATTTGGATG	26
CAATCTATG	26
TACTGTATG	26
ATGGTAATG	26
CTCCCTATG	26
GGGGCAATG	26
TCCCTGATG	26
GTTTACATG	26
GCTTCTATG	26
GCCTTCATG	26
TAACTAATG	26
TCTCCGATG	26
CGGATTATG	26
GAATGCATG	26
GGCTCCATG	26
ATATCGATG	26
TACGCAATG	26
TAGCTGATG	26
CGGATAATG	26
CCTCGTATG	26
GCCTTTATG	26
AATCGCATG	26
GACAGTATG	26
CGTCAGATG	25
GCACGCATG	25
AACTGCATG	25
GAGTCTATG	25
GTATCAATG	25
ACGCGCATG	25
CAAGGGATG	25
GACTCAATG	25
AATTGTATG	25
TGACTTATG	25
CTGCGGATG	25
AGTACTATG	25
GCCGGTATG	25
GCTCGCATG	25
CCGGCTATG	25
AGCTGTATG	25
ATCTTGATG	25
TGAGGGATG	25
CGTGGTATG	25
ATGTATATG	25
AGTCACATG	25
CTTTTAATG	25
GTGCTCATG	25
CTGCCAATG	25
AGCTAGATG	25
GGTACTATG	25
TGATACATG	25
AGCGGGATG	25
GTCCTTATG	25
TAGAGTATG	25
TCGTGCATG	25
CCGTATATG	25
AATTTCATG	25
GAGGCAATG	25
AGGCTGATG	25
TTGCCTATG	25
TGAGCTATG	25
GGCAAGATG	25
TGCGAAATG	25
AGGAAAATG	25
TTGGTAATG	25
TCGAGGATG	24
TAATGTATG	24
GAACATATG	24
GGGCTCATG	24
CGCTACATG	24
TTATCCATG	24
GCGTAGATG	24
TGAGGAATG	24
AAGCACATG	24
CATTCCATG	24
CCGCGGATG	24
GAGGTTATG	24
CACCGTATG	24
GGATCGATG	24
CTACGCATG	24
TACGAGATG	24
CAGGGTATG	24
CTTCTGATG	24
AATCAGATG	24
AATACCATG	24
ATACTAATG	24
TGACATATG	24
GGATACATG	24
ATGGGTATG	24
TTATCGATG	24
TCCTGTATG	23
TACCATATG	23
GTTATCATG	23
AGGTCCATG	23
TATACAATG	23
ACATGTATG	23
TACCAAATG	23
TAGCGAATG	23
CCGCCCATG	23
GTAGAGATG	23
ATGTCGATG	23
TACTTCATG	23
GCAACTATG	23
GTACACATG	23
AGTGCTATG	23
GGCAGCATG	23
CCCCTTATG	23
GGACGAATG	23
AAATTAATG	23
GAGCTAATG	23
GATGACATG	23
GAGTGTATG	23
CAACTTATG	23
AGGAACATG	23
AGGGGAATG	23
GGTGCAATG	23
GTGTTCATG	23
CACTCCATG	23
GTTGTAATG	23
AGATGAATG	23
ATCCTTATG	23
GAATCTATG	23
GTGGCCATG	23
ATTCGTATG	23
ATCTGGATG	23
CAACGGATG	23
TTTCCCATG	23
CTGGGGATG	23
GGAATCATG	23
ATTTCGATG	23
AGTGTAATG	23
ACTGGTATG	23
TGTGTGATG	23
TCCTGCATG	23
TCGGCGATG	23
CGGTCGATG	22
TCTGTCATG	22
ATTCCGATG	22
CATAGGATG	22
TTTATCATG	22
ACATTTATG	22
GATGTAATG	22
AGTCCTATG	22
CAGTAAATG	22
AAGACTATG	22
ATTGTTATG	22
TAATCGATG	22
GCCTATATG	22
GGCTTCATG	22
GCCAGTATG	22
TCGCAGATG	22
GGGCCCATG	22
CTGTAGATG	22
AATCCCATG	22
GCGAAGATG	22
CACTGTATG	22
GCCCTCATG	22
CGTATTATG	22
ATTGGCATG	22
TCGCTAATG	22
AATCCGATG	22
CTATATATG	22
GCGATCATG	22
GAGTATATG	22
TCGCGCATG	22
TGTCCGATG	22
CTTTACATG	22
AGGCCAATG	22
CACTGAATG	22
AGCCGTATG	22
CCTGTTATG	22
TCTAGGATG	22
ACACGGATG	22
TATCGTATG	22
ATCTGTATG	22
CCTTGTATG	21
ACGCTGATG	21
CCGTGTATG	21
CATTCGATG	21
GCGAATATG	21
TCGCATATG	21
GATGAAATG	21
ATATACATG	21
GCACGAATG	21
AGATACATG	21
CAATATATG	21
TCGTAGATG	21
CAGTAGATG	21
CCTTATATG	21
CGTGCGATG	21
GCTCCGATG	21
GACGTTATG	21
TAATATATG	21
TATCGAATG	21
TGATCAATG	21
GGTCCGATG	21
AATTTAATG	21
AATTCGATG	21
CGTCTTATG	21
GCATATATG	21
GCTTAGATG	21
AAGCATATG	21
GCACGGATG	21
AAGGCCATG	21
AGCGGAATG	21
GCATTGATG	21
CAATTAATG	21
TAATAAATG	21
TGGGAGATG	21
AACCAAATG	21
GAGGCCATG	21
GGGGATATG	21
AGTTAGATG	21
AATGTTATG	21
TCCCAGATG	21
ATCGTTATG	21
AAGTACATG	21
TGCCCCATG	21
CGCTATATG	21
CATTTTATG	21
CACTATATG	21
TCATGAATG	21
CGGCAAATG	21
ATGTAAATG	21
GATCCCATG	20
GATTCAATG	20
ATTCTGATG	20
GTCTCGATG	20
TGCTCCATG	20
GTCAGTATG	20
GTGGGAATG	20
AGTCTAATG	20
GCTTTGATG	20
CGTTCTATG	20
GAGGCGATG	20
CAATTGATG	20
TGATCGATG	20
CAGCTTATG	20
AAACGTATG	20
GGCCCGATG	20
TCTCTAATG	20
GCTTCAATG	20
GCGAGCATG	20
TAAAGCATG	20
TTTATAATG	20
TCAGTAATG	20
GCCTGAATG	20
CGTCTAATG	20
GCATGAATG	20
ATCTACATG	20
GGGGCGATG	20
CTTCGGATG	20
TCAATAATG	20
TAGGCGATG	20
AGACTTATG	20
ATATTAATG	20
AGAGTGATG	20
GAACTTATG	20
GATCGCATG	20
GTCTCTATG	20
TGCGATATG	20
CGCCTAATG	20
CGCCTGATG	20
GTACTAATG	20
CTATGCATG	20
TACCGAATG	20
AGGCGGATG	20
GAACACATG	20
AAGCGGATG	20
GTGGGTATG	19
TCGTTGATG	19
CTTATGATG	19
AGGGATATG	19
GTCCGTATG	19
CATGTCATG	19
GTGCCCATG	19
TCGGTAATG	19
ATGTGCATG	19
TCTGTAATG	19
AAATCAATG	19
GGTAAGATG	19
CGCCCCATG	19
TCCCGAATG	19
CGCGGCATG	19
GTATGCATG	19
ATGCGCATG	19
GATAGTATG	19
TGGCCTATG	19
CCCTGGATG	19
TGCCGGATG	19
TCCTAAATG	19
TGCCTGATG	19
ACGTCTATG	19
CTAGTGATG	19
ATCTGCATG	19
TCCCGGATG	19
GGTGACATG	19
TTGAGCATG	19
CCGGTGATG	19
AATCGGATG	19
CCCCTGATG	19
ACGGTTGTA	19
CCGTGAATG	19
TTAATAATG	19
GTCGGAATG	19
ACACCTATG	19
CGTTAAATG	19
CGGCTTATG	19
CGCTAGATG	19
TTGGTGATG	19
GGAACGATG	18
GGATAAATG	18
TCTATCATG	18
GCTCACATG	18
TGGAATATG	18
CATGCGATG	18
TCGGGTATG	18
CTCTGAATG	18
CCGTAGATG	18
TGCGGCATG	18
CTGAGAATG	18
AGCTAAATG	18
CCGTGGATG	18
ACCGTAATG	18
TGGGATATG	18
ACTTTAATG	18
CACAGTATG	18
GTGACCATG	18
GGGACAATG	18
AGGTGGATG	18
GTGGCAATG	18
GCTGAAATG	18
GTGCAAATG	18
CGACGGATG	18
CGACTCATG	18
AAGTGTATG	18
CGAGTGATG	18
CACGGCATG	18
TGAATTATG	18
GGCCTGATG	18
AACTACATG	18
GTTACCATG	18
ACACCGATG	18
TCGAGCATG	18
TTATACATG	18
CATCCAATG	18
TATTCAATG	18
CGTTATATG	18
TCTTCGATG	18
TTATTCATG	18
GAAGGTATG	18
AGATCAATG	18
CACGGGATG	18
CCAAAGATG	18
CAAGGAATG	18
GGACGTATG	18
GAACGTATG	18
TCACTGATG	18
GACGCGATG	18
AGTTATATG	18
GATGCAATG	17
AAGAAAATG	17
GTCACCATG	17
CATGTAATG	17
GCTGTTATG	17
ACACAAATG	17
CCACAGATG	17
TTACTTATG	17
CCTTGAATG	17
CGTCCCATG	17
CTGCACATG	17
GTTGGAATG	17
ACGCCCATG	17
GGGCAAATG	17
TTAGGTATG	17
GAGTAAATG	17
AGGCCTATG	17
TACCGTATG	17
GCTGTAATG	17
TTGCTGATG	17
CCACCGATG	17
TTAAGGATG	17
TTTTCGATG	17
AGGCTTATG	17
GTCTCCATG	17
CCTCGAATG	17
GACCAAATG	17
AGTATAATG	17
CGCCCTATG	17
TTTCTAATG	17
CATGGCATG	17
GGCGGCATG	17
CGGGAAATG	17
CCCTTCATG	17
AGTCAGATG	17
CACTTTATG	17
TCGCCCATG	17
AAATGCATG	17
GAGAACATG	17
ATTAACATG	17
CCATCCATG	17
GCGTCAATG	17
GCATTCATG	17
TACTGCATG	17
GACCTCATG	17
TAGCAGATG	17
TTGATAATG	17
GAATTCATG	17
GGTAGAATG	17
TAGATGATG	17
AGAGATATG	17
CTTTCAATG	17
GGCAAAATG	17
GCGCACATG	17
CAGTACATG	17
CGTGTCATG	17
CCTTAGATG	17
CGTAAGATG	17
GAATCCATG	17
GTGATTATG	16
CACCTGATG	16
GATAATATG	16
TCCCGCATG	16
ACGTGAATG	16
CTTGGGATG	16
TAAATGATG	16
AAACGAATG	16
TGACCTATG	16
AGGCAGATG	16
CTAGTTATG	16
GATCACATG	16
CGCGAGATG	16
ACCGCAATG	16
CCCTACATG	16
TATTGCATG	16
CCGAGAATG	16
TGTTACATG	16
ACACAGATG	16
GGTCCTATG	16
CTCCGAATG	16
CAATTTATG	16
TGACCGATG	16
AGTCTGATG	16
GTGCACATG	16
TAGCTCATG	16
GAAACCATG	16
AACGATATG	16
CAGAAGATG	16
ATTTCCATG	16
CTCGTGATG	16
ACGACGATG	16
CATGAAATG	16
TCAAGGATG	16
TAATAGATG	16
ATAGAAATG	16
CCATGGATG	16
GACGGCATG	16
GGCTCGATG	16
TGAGTCATG	16
AATGCTATG	16
TCTGCGATG	16
CTATCTATG	16
TATATTATG	16
CCTGCAATG	16
TGTGACATG	16
GAATTAATG	16
TCTTGCATG	16
AGCACCATG	16
TAACGGATG	16
GGCCTCATG	16
GTCCGAATG	16
GGTATTATG	16
GATGTCATG	16
CCGTCGATG	16
ATAGTGATG	16
TTGGCAATG	16
ATGGGGATG	16
CTCTTCATG	16
TCGTAAATG	16
CTTGCTATG	15
TATTCTATG	15
CAAGCAATG	15
AGTGCAATG	15
ACCTACATG	15
CGATGAATG	15
CGATGCATG	15
ATTGGTATG	15
ATAGTTATG	15
TGAATCATG	15
GACACGATG	15
TAACATATG	15
TTCATCATG	15
CTATCGATG	15
CAGACAATG	15
TTACGTATG	15
GTTTAAATG	15
TATCAGATG	15
TCGTACATG	15
CGGACTATG	15
GGAAGAATG	15
GCGGCCATG	15
AGACGTATG	15
TAGAGAATG	15
GACGCTATG	15
TGGGCCATG	15
TCTCTGATG	15
GCACTAATG	15
AGGCACATG	15
GCGCAGATG	15
AAGTCCATG	15
CGATTAATG	15
ACATTGATG	15
AATAGTATG	15
CGACCTATG	15
CATCGCATG	15
GCGAGGATG	15
TTGCTAATG	15
TTACTAATG	15
GTAAGCATG	15
GATCATATG	15
GAGCAGATG	15
GATCGAATG	15
GGGAAGATG	15
AATTAGATG	15
GGAGCGATG	15
TTTTCAATG	15
CGAGAGATG	15
ACTCAGATG	15
GGAACAATG	15
GTGAATATG	15
GAGAAGATG	15
CTTGGCATG	15
GAGCACATG	15
AATGCCATG	15
TCGGGCATG	15
TTCTCTATG	15
GTACGAATG	15
GGCGGTATG	15
ATCTAGATG	15
TATGTCATG	15
ACGTCCATG	15
CCCCCTATG	15
TCAGTGATG	15
AGAGGCATG	15
TTGCTTATG	15
GGGACTATG	15
AGGTCAATG	14
GAGAGTATG	14
TGTACGATG	14
TCACGTATG	14
CTTCCAATG	14
AACGTAATG	14
CTGCATATG	14
TTGCCGATG	14
TCTCTTATG	14
CGTAGCATG	14
CTATGTATG	14
CCGTCAATG	14
TAATCAATG	14
GAGCCTATG	14
GCTCCTATG	14
AAGGAGATG	14
ATTGATATG	14
ACGCCGATG	14
AGTGACATG	14
ATTATAATG	14
TACATCATG	14
CTCCGCATG	14
CAGCCGATG	14
TGAAAAATG	14
TAGTACATG	14
CTGTCCATG	14
CTATTTATG	14
GGACTAATG	14
GGTAGGATG	14
GAAATGATG	14
AGCCAAATG	14
CATCATATG	14
GACCGTATG	14
CGGAAAATG	14
CCGCAAATG	14
AGAGAGATG	14
ATAAGTATG	14
GGAGAGATG	14
GTTTCTATG	14
GTTCCAATG	14
ACGTAGATG	14
TACCTTATG	14
GCGTCCATG	14
TCCCCCATG	14
TCTATAATG	14
TCCTTAATG	14
GTTCACATG	14
AGGGAAATG	14
ATGCCCATG	14
CTTTAAATG	14
AGCAATATG	14
CTCTAGATG	14
GGACTTATG	14
TCAACGATG	14
AAAGTAATG	14
GTCGATATG	14
CTTACAATG	14
ACCCGCATG	14
CGTCACATG	14
CAGCATATG	14
GTGGACATG	14
TCGGTGATG	14
CCTTTCATG	14
AATATGATG	14
GCTCGAATG	14
ACCTAGATG	14
CCCTATATG	14
CCTTGGATG	14
CACTCTATG	14
GAAAAGATG	14
CGCCACATG	14
AACTGGATG	14
CTCGCAATG	14
AGCCTTATG	14
GAAGCGATG	14
TCCCTTATG	13
ATTCTAATG	13
GAGCCGATG	13
GCGGCAATG	13
GACACAATG	13
CACCGCATG	13
AATAATATG	13
AGCCATATG	13
GTAGTAATG	13
CGGCCTATG	13
GCCGACATG	13
ACCTCCATG	13
CCTGGTATG	13
ATTTCAATG	13
AGTGCCATG	13
CGACCGATG	13
ATGATCATG	13
GCGGTCATG	13
GTAAATATG	13
CCCCACATG	13
ACTCGTATG	13
CACCTAATG	13
AGCTACATG	13
TAGTTCATG	13
TATCATATG	13
CAGTCTATG	13
GGTCAAATG	13
ATCACTATG	13
GAAGAAATG	13
CGCTTCATG	13
ATGCACATG	13
ATTCGCATG	13
AGTGCGATG	13
CAGTTGATG	13
TTCTACATG	13
GTCGTTATG	13
GGTAAAATG	13
TTACGAATG	13
TTCCTCATG	13
GCACAGATG	13
ATGCTGATG	13
GAGGGAATG	13
CATATGATG	13
TTTCATATG	13
ATAGCAATG	13
TGGATTATG	13
CAACTAATG	13
TCGTCAATG	13
TAGGCAATG	13
CCCCCGATG	13
GTAGATATG	13
TGCGTCATG	13
TACTTGATG	13
AGCTATATG	13
TTCAGTATG	13
ATACGGATG	13
AATATAATG	13
GTCGCTATG	13
AACCGGATG	13
GGCCCAATG	13
AGTTCAATG	13
TCGCGAATG	13
TAGTCCATG	13
CTCTATATG	13
CTTCTTATG	13
TGTAACATG	13
ACTGTTATG	13
CGACGAATG	13
GCGAACATG	13
TGCTACATG	13
AGCCTCATG	13
CTAGCGATG	12
TTCGGAATG	12
CATCGTATG	12
CGATCTATG	12
CAAATGATG	12
CTATACATG	12
CGAAAGATG	12
GACCGGATG	12
TTATTAATG	12
TAATTCATG	12
TACCCAATG	12
AGGGCTATG	12
GGAGTCATG	12
CTCCTAATG	12
CTTGTAATG	12
CGGGCTATG	12
CCGTACATG	12
CATGATATG	12
AGGGCAATG	12
CTGTCAATG	12
TTGACGATG	12
ACTATTATG	12
GTGATCATG	12
AAATTCATG	12
AAGGGCATG	12
TTTGCGATG	12
CGCGTCATG	12
GACGGGATG	12
GAAAGTATG	12
AAACGCATG	12
GCAGACATG	12
CATCTAATG	12
CAAACGATG	12
TATCTCATG	12
AATCATATG	12
GGAATTATG	12
GGGCGCAAT	12
AAATAGATG	12
CTGGACATG	12
GTTGCAATG	12
CGCGCAATG	12
CCCGCGATG	12
TGACAAATG	12
ACCTCTATG	12
TAACGTATG	12
CTCCAAATG	12
CGATTTATG	12
GCGGTGATG	12
CTTAGAATG	12
CTTCTAATG	12
CGCGTTATG	12
ACCCTTATG	12
AGGTACATG	12
CCTAATATG	12
GGAGACATG	12
GAGGAAATG	12
CTGATGATG	12
CATCGAATG	12
TCTCCTATG	12
CTGACTATG	12
TTATGAATG	12
TGAGCGATG	11
TCATCGATG	11
TGCGGAATG	11
GTAAGTATG	11
TTTCAGATG	11
TGCGAGATG	11
TGTATGATG	11
ACGGTTATA	11
GTCTACATG	11
TCGGGGATG	11
ACTTGCATG	11
TCCACGATG	11
GGAAGGATG	11
AAGCGCATG	11
TCGAAAATG	11
GGGCTAATG	11
TCTGACATG	11
TAACCTATG	11
GCGGGAATG	11
TCTTAAATG	11
TTAAGTATG	11
GAACCGATG	11
ATTACGATG	11
TGAGCAATG	11
TGACGTATG	11
GCAAGTATG	11
AGTTACATG	11
TTCGTAATG	11
GAAGCTATG	11
CGCGGGATG	11
CTTTCTATG	11
GTTAGGATG	11
GGAGGCATG	11
CGGAAGATG	11
GGTATAATG	11
GGACATATG	11
CTTTTCATG	11
CCTTAAATG	11
GAACAGATG	11
CCGTTTATG	11
CCCGGCATG	11
CGAATAATG	11
CGCGTAATG	11
GCTGAGATG	11
GATTTCATG	11
TTAGTGATG	11
GTATACATG	11
TCAACAATG	11
TTCCATATG	11
GAAGCCATG	11
ATCGGTATG	11
ATTGCAATG	11
TTCGGCATG	11
TCCCACATG	11
GCCCACATG	11
AAGCCAATG	11
CGCCATATG	11
AGACGAATG	11
GTGCCTATG	11
TTCAATATG	11
CCAGCGATG	11
GCCCCCATG	11
GTTAGAATG	11
TTACTGATG	11
AGATCCATG	11
GGAAGCATG	11
ATATAGATG	11
TAGACTATG	11
ACCCGAATG	11
TCTCCAATG	11
ACTGTAATG	11
ATACTGATG	11
CAGCTGATG	11
TGACAGATG	11
TTCCTGATG	11
TAAGGGATG	11
ACTTTTATG	11
TGACACATG	11
CGCGATATG	11
ACTTAGATG	11
AAACCTATG	11
TTGCGGATG	11
CCCTGCATG	11
CTCGCGATG	11
CCGCCGATG	11
CGCGCCATG	11
TGCACTATG	11
TGCAAGATG	11
ATGCAAATG	10
TGGGACATG	10
AAGGGAATG	10
TGCAGGATG	10
GCGGCGATG	10
TGCCTTATG	10
TTAGTCATG	10
AACTGAATG	10
AGAACAATG	10
AGCCACATG	10
GGATTAATG	10
CAGGATATG	10
GATACTATG	10
CTCTCCATG	10
ATCCAGATG	10
GTGAACATG	10
AGGCTCATG	10
AGAGTTATG	10
TGACTCATG	10
TCAGGGATG	10
TAGCATATG	10
TGCCTAATG	10
CAGCCAATG	10
CATCCCATG	10
TCTCACATG	10
TTTGCTATG	10
ACTTCAATG	10
TCATATATG	10
GCTTCCATG	10
GCCGCAATG	10
CGATATATG	10
CTTCTCATG	10
GTGGAGATG	10
ACCCACATG	10
ATGATAATG	10
CCATTAATG	10
CACTCGATG	10
CTCTGCATG	10
CTAGATATG	10
ATTGTAATG	10
TGCCTCATG	10
CTAAGCATG	10
GACTCGATG	10
CAGATAATG	10
TCTCATATG	10
CTAGGGATG	10
GTACTGATG	10
GATAAAATG	10
CTCCGTATG	10
AAAACGATG	10
CCTAGTATG	10
AAGTAAATG	10
CTTAGTATG	10
CCTATAATG	10
TAAGATATG	10
CCAGTGATG	10
CTCGAAATG	10
CACGTCATG	10
TCCTATATG	10
CACCCTATG	10
TATTAAATG	10
ACTGATATG	10
AACGTGATG	10
CCTCCCATG	10
TGTACCATG	10
GGACCAATG	10
TAACGAATG	10
TCCCTCATG	10
GGGATGATG	10
TTTGAAATG	10
GTTGATATG	10
AAGTCGATG	10
CTTGTGATG	10
TCAAAGATG	10
GGTCACATG	10
GAATCGATG	10
AGACAGATG	10
ATGCCTATG	10
CCGGTAATG	10
CAACGCATG	10
TCACGCATG	10
TAAGCGATG	10
AGTCCAATG	10
AGTTGCATG	10
GTCTAGATG	10
CATTAGATG	10
CAAGCGATG	10
TGAGTTATG	10
AATCTGATG	10
TAACCAATG	10
CTCTAAATG	9
GTAACTATG	9
GTTGGCATG	9
CGATCAATG	9
AAGTATATG	9
TTGCTCATG	9
AACCTAATG	9
TAAGCTATG	9
AGTTAAATG	9
AAATTTATG	9
AAATGTATG	9
TTACCGATG	9
AACGGCATG	9
TTAGGGATG	9
TTCAGCATG	9
CTTCGCATG	9
TGTGCAATG	9
TGCCCTATG	9
CTGCGAATG	9
CCTTCTATG	9
CTCTCGATG	9
GGTCCAATG	9
CATAGTATG	9
TGATGAATG	9
ATTATCATG	9
GGCTAGATG	9
TGCGGGATG	9
CAATCCATG	9
GATATAATG	9
CTCGGCATG	9
AGCGGTATG	9
GTCCCGATG	9
CTGCCGATG	9
TTGGGAATG	9
TAACGCATG	9
GCTAATATG	9
CCGAGTATG	9
GAATGAATG	9
TTGAACATG	9
CAGAGAATG	9
GCTATTATG	9
ACGCATATG	9
CTATTCATG	9
TCAGAGATG	9
CCGTCTATG	9
TCGGCCATG	9
CAAAGCATG	9
ACGGTAATG	9
GCAGTGATG	9
AATGCGATG	9
CTTAGGATG	9
GGAAATATG	9
TGTAGGATG	9
GAAGGCATG	9
AAGTAGATG	9
GGCATTATG	9
TACAGGATG	9
CAGTCGATG	9
GTCCAGATG	9
ATCAGTATG	9
AGAAGAATG	9
CAGCTAATG	9
TTAACTATG	9
TGGAAAATG	9
AGTGAGATG	9
GTAGGGATG	9
TACGTGATG	9
TTTAGCATG	9
GGAGCTATG	9
GGTCGCATG	9
ACAGGAATG	9
ATCGGGATG	9
TAACAAATG	9
TTTGAGATG	9
CCTCGCATG	9
ATACTCATG	9
ACACGAATG	9
ATCCGGATG	9
CAACAGATG	9
ACTTGAATG	9
GCCAATATG	9
GTAGTTATG	9
ACTGACATG	9
CCGGTCATG	9
CGAGGAATG	9
CCCCCAATG	9
ACCTGAATG	9
GCGATAATG	9
GCGTAAATG	8
CATTCTATG	8
CAGAAAATG	8
TTAGATATG	8
CGAAGGATG	8
AACTAGATG	8
GTATAAATG	8
TCGCAAATG	8
TTCGGTATG	8
GGCACTATG	8
AGCACAATG	8
GCCATGATG	8
TCTACAATG	8
GACAAGATG	8
AGTAAGATG	8
AACGCCATG	8
CCCCATATG	8
GGATTCATG	8
TCGATTATG	8
TATGCAATG	8
TGCGCAATG	8
CAATACATG	8
CCAACCATG	8
AACCCGATG	8
CCATTTATG	8
CGGACGATG	8
TACGGGATG	8
GCATCCATG	8
ATGACAATG	8
AATGACATG	8
AGACACATG	8
GCAGAGATG	8
CTAGCTATG	8
GCGGACATG	8
ACTAGTATG	8
GTGGTCATG	8
TGAATAATG	8
TCCAAAATG	8
CAATCAATG	8
GTCCCTATG	8
GCGAGAATG	8
TATTCCATG	8
AAATACATG	8
CAGGCCATG	8
ATTTAGATG	8
CTCAACATG	8
AGGCAAATG	8
CAGACGATG	8
ACCCTGATG	8
ATGCCGATG	8
ACCGAGATG	8
CAGAGTATG	8
TTCACTATG	8
GCATCTATG	8
ATGAAGATG	8
ATAATAATG	8
AGTGTGATG	8
GCCGGGATG	8
AATAGAATG	8
ACCTTAATG	8
ATACGAATG	8
ACGTATATG	8
CCTGCCATG	8
GGCCGAATG	8
GGTCTGATG	8
GCACGTATG	8
ATGGTGATG	8
TCTCTCATG	8
ACCGTCATG	8
AGGTAGATG	8
CACCATATG	8
GCCGGCATG	8
CGCAAAATG	8
AGTATCATG	8
CCCTAAATG	8
CGGGAGATG	8
CCTTTGATG	8
ATCCCAATG	8
CGCGTGATG	8
GGCGGAATG	8
TACGCCATG	8
AACGAAATG	8
CAACGTATG	8
CGAATGATG	8
GACATTATG	8
AACTGTATG	8
GCCAAAATG	8
CTTTGAATG	8
TTGAGTATG	8
TTGTCCATG	8
GTAATTATG	8
CTCGGGATG	8
ATAGCCATG	8
GGCATGATG	8
GCCCATATG	8
ATATAAATG	8
CATGGAATG	8
CTCGGTATG	8
AGAAGCATG	8
TAAGGTATG	8
CTACTGATG	7
AGCCAGATG	7
TTCAGAATG	7
TCGGTCATG	7
GACTAAATG	7
GAATCAATG	7
TGCACGATG	7
ATCGGAATG	7
TCGGCTATG	7
GAGGCTATG	7
TGCCATATG	7
ATGCGGATG	7
CGCAGCATG	7
TTGGTCATG	7
ACGTGGAAG	7
AAGCGTATG	7
TGCGTGATG	7
CTTGCAATG	7
GTCGTGATG	7
TTACAGATG	7
GCACCCATG	7
TACTCGATG	7
CACCGAATG	7
TCATTCATG	7
ATGATTATG	7
GAACGCATG	7
CAGGGCATG	7
GAAGGAATG	7
GCTAAGATG	7
GACCCTATG	7
TAGAAGATG	7
GCCCGAATG	7
GGTTTTATA	7
CCCCGAATG	7
TGACCCATG	7
TAGGTCATG	7
CACGGAATG	7
AACCTCATG	7
AGGGCGATG	7
GGATCAATG	7
GCTCCCATG	7
GTCCTGATG	7
CTCCCCATG	7
GTGGAAATG	7
TGTAATATG	7
CATGCAATG	7
GCTTAAATG	7
AGAACCATG	7
GTCGGGATG	7
TATGCGATG	7
CTAGGTATG	7
TCCGGTATG	7
GTCGTAATG	7
AAAGGAATG	7
CCAAAAATG	7
TTCCCTATG	7
GTCGGCATG	7
GATAGGATG	7
GCGCCCATG	7
AGCGGCATG	7
CTAAACATG	7
TCACTCATG	7
CTTGCCATG	7
AATAGGATG	7
TCACAAATG	7
AGAAATATG	7
CCGGCAATG	7
GGCCATATT	7
GATTGCATG	7
ATCATCATG	7
ATTGCCATG	7
TACGATATG	7
TCACTAATG	7
ATGCAGATG	7
GGCGCGATG	7
GCATGCATG	7
ACATCTATG	7
TGTACTATG	7
GTAGACATG	7
GTTAGTATG	7
ATGGAGATG	7
TTCGGGATG	7
TTGAGAATG	7
AGTGTCATG	7
TTCTCAATG	7
GCAAACATG	7
ACTCTGATG	7
TGCCACATG	7
GTTGTCATG	7
ACTCAAATG	7
CCGGGGATG	7
TAACTCATG	7
GGAGTTATG	7
GCATCAATG	7
TAGCCAATG	7
TTCCAAATG	7
CCCTGAATG	7
CTTCCTATG	7
ATAGACATG	7
TTTGATATG	7
AGTTCTATG	7
CACCCCATG	7
TTTGACATG	7
GCGCCAATG	7
ATAGTAATG	7
CGAAATATG	7
GGCGACATG	7
ATAAGAATG	7
TAAGCAATG	6
CGAGGGATG	6
AAGGACATG	6
CCACCCATG	6
CTTACGATG	6
TGCGTAATG	6
GCTATGATG	6
ATCACGATG	6
ACTTTCATG	6
ACGTACATG	6
TAAGGCATG	6
GTTATTATG	6
CTAAGGATG	6
TTACGCATG	6
AATCACATG	6
TCCAGTATG	6
ATAGGAATG	6
GTACAAATG	6
CCAGGTATG	6
CCCAGCATG	6
TCGACGATG	6
GCTGTGATG	6
CGATTGATG	6
ATTGTCATG	6
CGAGACATG	6
GCTCAAATG	6
TACAGAATG	6
ATTCCAATG	6
CTGTACATA	6
TCAGGTATG	6
TACTCTATG	6
CGTAGAATG	6
CGTATCATG	6
ATTCTCATG	6
ATGCCAATG	6
GTACAGATG	6
TAGACGATG	6
AAGCGAATG	6
CCGAGCATG	6
TTCCCCATG	6
GTCCTAATG	6
TCAACTATG	6
ACGACAATG	6
GACCGAATG	6
CGGGACATG	6
ACGGTTATG	6
ATAATTATG	6
GTCTCAATG	6
GGTTTGGAT	6
AATTAAATG	6
GTCAGAATG	6
CTAATCATG	6
ATCCATATG	6
TCACCCATG	6
ATGGATATG	6
CTTCGTATG	6
ACTTCTATG	6
CATTAAATG	6
ACTCCTATG	6
AGAAACATG	6
CAAGTTATG	6
CTTACCATG	6
TGAACTATG	6
CACAGAATG	6
GAGCCCATG	6
GTCGGTATG	6
TACAAGATG	6
AAATCTATG	6
GAATACATG	6
TGAAGAATG	6
TTACCTATG	6
TGGGCTATG	6
CACCCGATG	6
AAAAACATG	6
CTCGGAATG	6
GGAACCATG	6
TGAGATATG	6
GGCGTAATG	6
GCTCTCATG	6
GAGTCGATG	6
ATCCCTATG	6
GTTATGATG	6
AAAGTGATG	6
GAGAATATG	6
GAGAAAATG	6
TCCTCCATG	6
ATTCCCATG	6
AACCATATG	6
TGCAAAATG	6
TATAATATG	6
GCCTCTATG	6
AATGAGATG	6
ATATGAATG	6
ATCTAAATG	6
CACTACATG	6
CCTTCAATG	6
GGGAGAATG	6
TAGAATATG	6
AGGACAATG	6
CATCACATG	6
GATCAGATG	6
CTACTTATG	6
GTGAGTATG	6
GTGTCAATG	6
ACCAGAATG	6
TGATAAATG	6
CGCCAAATG	6
CGAGGCATG	6
CTCGACATG	6
ACCCATATG	6
TCTTCCATG	6
TCCTTGATG	6
GACGAAATG	6
GTAACGATG	6
TGTGCCATG	6
CCTCTTATG	6
AGCTGCATG	5
AACCCCATG	5
TCCGAGATG	5
TCCGGGATG	5
TAGGTGCAT	5
CTTAACATG	5
CAAGAGATG	5
TTAACCATG	5
GCCAGCATG	5
AACGCGATG	5
AGCCGCATG	5
TGTAGCATG	5
TTTAAGATG	5
TTAGTTATG	5
CAGAGGATG	5
GACTTAATG	5
CCCGCTATG	5
GGAGGTATG	5
GCTATCATG	5
TACAAAATG	5
CGAGAAATG	5
AGCATTATG	5
GGTACGATG	5
ATGGTCATG	5
GCTCTGATG	5
CAGTGCATG	5
ACGATGATG	5
GTCAGCATG	5
TCAGCGATG	5
AGCAGTATG	5
CCTAGAATG	5
GACATGATG	5
TCCCATATG	5
GGACAGATG	5
TCGGAAATG	5
GAATTGATG	5
AATAAAATG	5
CAAGACATG	5
GCTTCGATG	5
CCTTACATG	5
CAAGAAATG	5
TCAAATATG	5
AGAAGTATG	5
CCATGTATG	5
ACGTGGATT	5
TTACAAATG	5
CCATGAATG	5
GAGATTATG	5
TTACACATG	5
TTGAAAATG	5
TTTGGGATG	5
GATCCAATG	5
AGAGCCATG	5
AAAGCAATG	5
GGCAGTATG	5
CATGAGATG	5
CCACAAATG	5
GAATAAATG	5
GATCTGATG	5
CCTGGAATG	5
CGCAGGATG	5
ACGTCGATG	5
TTGCAAATG	5
TCTGAGATG	5
GCTAGAATG	5
AGAGAAATG	5
CAAGTCATG	5
TTTCCTATG	5
GACCACATG	5
AGCCCCATG	5
AAACTGATG	5
TCTCCCATG	5
CGGTCAATG	5
TAATTAATG	5
AGTAGGATG	5
GGGGCGTAT	5
TAGCTAATG	5
ACCCAGATG	5
GCCTCCATG	5
TACTCAATG	5
CCAGTTATG	5
ATAGCGATG	5
GTAAGGATG	5
CTTCCGATG	5
TGTATAATG	5
TTTCAAATG	5
CTCGTCATG	5
TACGGCATG	5
GGAGAAATG	5
GCAGAAATG	5
ACAGTAATG	5
ACGCTCATG	5
TGAATGATG	5
TCTATTATG	5
GCCGATATG	5
TCCCCAATG	5
GCGCTCATG	5
TCACAGATG	5
GCAACGATG	5
ACACTCATG	5
AGCAGCATG	5
CAGCAGATG	5
ACCGTTATG	5
GTAAAGATG	5
GTCTTCATG	5
CTTGACATG	5
GACCCGATG	5
TAGAAAATG	5
ATCCTAATG	5
GAGGTGATG	5
GGTTATTAT	5
GCCTACATG	5
TCCGATATG	5
CACTGCATG	5
CTGATCATG	5
AATCAAATG	5
GCCTCAATG	5
ATGCATATG	5
TCTCGCATG	5
GCATAAATG	5
TCATCCATG	5
GTACTCATG	5
TTACTCATG	5
ATGTACATG	5
TGAGAAATG	5
ATCGTAATG	5
GACGATATG	5
TGGATCATG	5
AAAGCGATG	5
GGAATAATG	5
GTTATAATG	5
GCTGATATG	5
GGTGTCATG	5
ATACATATG	5
CTAACGATG	4
TGAACAATG	4
ACTTCGATG	4
CTATAAAAT	4
GGTATCATG	4
GCACATATG	4
CATTACATG	4
TCACTTATG	4
CACCTTATG	4
CAACCCATG	4
AGACTAATG	4
GCAGGGATG	4
ACGCTAATG	4
TTGCACATG	4
CACGAAATG	4
TTTACCATG	4
CGGCAGATT	4
TTGACCATG	4
CTGAATATG	4
GTATCCATG	4
ATATCTATG	4
TCTGATATG	4
ACGGATATG	4
AAATGAATG	4
GTCCACATG	4
AAGCTGATT	4
AACTTGAAG	4
ATCAACATG	4
TTGTGGATT	4
AAGATGATG	4
GGTGCGATG	4
AGACTCATG	4
AATCGAATG	4
ATTTTAATT	4
TGCTATATG	4
CAGATTATG	4
CGTAATATG	4
CCGATCATG	4
CTCACGATG	4
GTCAATATG	4
CGACAAATG	4
AATGAAATG	4
CAACGAATG	4
TTGGAAATG	4
CTTGCGATG	4
ACAGACATG	4
GCTGGAATG	4
ACCCGTATG	4
ACGTGGATA	4
CTTATCATG	4
CATAAAATG	4
TTGCCCATT	4
CATATTATG	4
GGTGAAATG	4
CATTTGATC	4
CCGCCTATG	4
GGCGAAATG	4
CCGCACATG	4
CCAACGATG	4
CAGCCCATG	4
CCCAGAATG	4
CTGAAGATG	4
GGTTGAATT	4
ACGGTGATG	4
AGCAAGATG	4
TTTGCAATG	4
TTGTCGATT	4
TATAGATAT	4
ACAGTTATG	4
TTCCCAATG	4
AGGCTAATG	4
ATCACCATG	4
GAGCCAATG	4
GGAAAAATG	4
CGACTGATG	4
CGCATAATG	4
GCGGAAATG	4
TCATACATG	4
AAGACGATG	4
TGTCCAATG	4
TTCATAATG	4
CAACCGATG	4
CTCTCAATG	4
GCACTCATG	4
GACGTAATG	4
AGAGCTATG	4
AATCTAATG	4
TACCTAATG	4
ATAGTCATG	4
AAGATAATG	4
GCCGTTATG	4
AGACATATG	4
TTTCCGATG	4
AAACCGATG	4
CTTAATATG	4
ACGGGTATG	4
AGAATCATG	4
GTAGAAATG	4
ACAGGGATG	4
GTTAACATG	4
TCGAAGATG	4
TATCGCATG	4
GATTATATA	4
CTCATTATG	4
TCGCACATG	4
TAGATAATG	4
CAATTCATG	4
CCAGGCATG	4
CGTGAGATG	3
CTGCAGATG	3
ACACATATG	3
ATAAAGATG	3
GCCCAGATG	3
CCTGTGATG	3
GCGGGTATG	3
AAAGATATG	3
CTCTACATG	3
AATGATATG	3
GTCGCCATG	3
TATGCTATT	3
GCACACATG	3
ACCGCCATG	3
AGCATGATG	3
AACACAATG	3
CGCTCTATG	3
TCAGTTATG	3
GTCACGATG	3
TTGGCAGAT	3
ATTTTAATC	3
AGACCCATG	3
CGGATCATG	3
TCACCGATG	3
AATACAATG	3
CATATAATG	3
AAACAGATG	3
TCGACTATG	3
CATTATATC	3
CTGCTTATT	3
GCACCGATG	3
CCCGAGATG	3
CTGACAATG	3
CTTCGAATG	3
CAGCGGATT	3
AGAGGAATG	3
GGCTGTACG	3
CCTTTAATT	3
AACCGCATG	3
CGACCAATG	3
GACCTGATG	3
TACTTAATG	3
ATTCACATG	3
TTTAAAATG	3
CGGCAGACG	3
AAGTTAATG	3
CGTCCGATT	3
GGAGCAATG	3
GCTGGCATG	3
TGCACAATG	3
TTAATCATG	3
CGTACGATG	3
GCAATTATG	3
TGGACGATG	3
TCGGTTATG	3
CCACACATG	3
AATTGGATT	3
CCTGTCATG	3
ACAGGCATG	3
GATTATATT	3
CCTCATATG	3
CTGTTAATG	3
ACGGAGATG	3
ACGACTATG	3
ATATCCATG	3
CTTCATATG	3
AAGCCCATG	3
TACGGAATG	3
CAAAGAATG	3
GCGGAGATG	3
GACTCCATG	3
AGCGTAATG	3
TTTGCCATG	3
CAATGCATG	3
ACGGTCTAA	3
TCGTCCATG	3
ATGAGGATG	3
AATTGGATC	3
TTCTCGATG	3
GCAAATCAT	3
CCTAACATG	3
AGATCGATG	3
GAGCGAATG	3
GGAACTATG	3
AGTAATATG	3
AGTAGCATG	3
CAAGGTATG	3
CACTCAATT	3
GCCGAGATG	3
AACTTGATC	3
TCAATGATG	3
TTCTCCATG	3
TGCTTCACG	3
TACGCGATG	3
AAATAAATG	3
CTACAGATG	3
CTTTTTATA	3
ATTCAGATT	3
CTTTAGATG	3
TTTCCAATG	3
GATAGCATG	3
CCGACGATG	3
CAAACCATG	3
TGTGAAATG	3
ATTCAGATC	3
GTCCATATG	3
AGGGAGATG	3
CCTGAGATG	3
TACTACATG	3
TACCGCAAC	3
AATATTATG	3
CCCTCAATG	3
GATGCCATG	3
TCTAGAATG	3
TTGTCGATA	3
GATTATATC	3
AACGGTATG	3
AAGAGAATG	3
CACTCAACG	2
CATGACATG	2
TTGTCGAAG	2
CGGTAGAAG	2
CGAAAAATG	2
CACTAAATG	2
TGTAAGATG	2
CTACGGATG	2
GATGGGGTG	2
AACTTCATG	2
CAGGTAATG	2
AGTTTAATC	2
GAACTGATG	2
GGGTTTATT	2
TCATGTATT	2
TTCTGCATG	2
GTGCAGATG	2
CCGCATATG	2
ACCTTTATG	2
AGTGATATG	2
TGGGGGATC	2
CACGAGATG	2
TGGGTAATT	2
CCAATGATG	2
CCACCTATG	2
GTTGAGATG	2
TCATGTATC	2
GAGATGATG	2
GGGTTTACG	2
TCGTCTACG	2
AGGGCCATG	2
ATGATGATG	2
ACATATATG	2
TCTGTAAAT	2
AAGCTGATA	2
CAGTAAATT	2
CCTCAAATG	2
TCCTCGATG	2
CAGCGGATC	2
GTCATGATG	2
TGCTAAATT	2
ACCTGGATG	2
CGCGGAATA	2
TTGGCTATG	2
CGTTCAATT	2
ATAACAAAG	2
ATTTTAATA	2
GTGTCCATG	2
TCGTCTATC	2
GTATGGGTG	2
TTTCTCATG	2
TACCACATG	2
TGGACAATG	2
GATGGGATT	2
CGGTAGATC	2
CTCCGGATG	2
CGTAACATG	2
TGGATAATG	2
GCGGGAATA	2
AGCGTCATG	2
GCATCGATG	2
CAGGCTATG	2
ATAGGGATG	2
AACGAGATG	2
CTATAGATG	2
TCGTCTAAG	2
TCCTCTATG	2
TCGCTCATG	2
CCAGTAATG	2
AGGAGCATG	2
GAGTTAATT	2
ACGCCAATG	2
CTATAAATG	2
AGCGACATG	2
GACTACATG	2
CTCCTGATG	2
CCCGTGATG	2
GAACGGATG	2
ATCGTGATG	2
TCGAGAATG	2
CTACTAATG	2
CCACGCATT	2
GGACTCATG	2
TATACGATG	2
CTACACATG	2
GCGTTCATC	2
TGCAGCATG	2
TCTTTGTTG	2
GATATCATG	2
ACTTAAATG	2
ATCCGAATG	2
AAAGAGATG	2
GGCAGAATG	2
TGAACCATG	2
ACGTGGACG	2
TGCCCAATG	2
CCCAGTATG	2
GGTAGTATG	2
GGGATAATG	2
GCAATCATG	2
ACCTGTATT	2
GGTGGCATA	2
GGTGGCATC	2
GGCTGTATT	2
CTCCACATG	2
GTCAGGATG	2
GAGAGCATG	2
ATTTATATT	2
CCAAATATG	2
GCTCCAATG	2
TGAAGGATG	2
GGTGGCGTG	2
TATCGGATT	2
TCGTCTATT	2
ATCAGCATG	2
CACCAGATG	2
ATTAGAATG	2
AACCTTATG	2
GCAGTTATG	2
ATTGAGATG	2
CACTCAAAG	2
TCTACCATG	2
TACGTAATG	2
CGTCGAATT	2
ATTATTATG	2
AACGGGATG	2
CGGTAGACG	2
GCGCTAATG	2
AAGAACATG	2
CCACGAATG	2
CCTTTAATC	2
GGTTGAATA	2
TCGGAGATG	2
CTAGGAATG	2
ATTACTATG	2
AAGTCAATG	2
AACTCAAAG	2
GTATGTACG	1
CCTTAAATA	1
CAGGAAATG	1
CGTAGTACG	1
ATAACAATC	1
AAAAGAATG	1
ATTAATATG	1
TGGTTTATA	1
ATTTTAAAG	1
TCCCGCAAC	1
TGGTTTATT	1
GCGTCGATT	1
TCGCTTATG	1
TCTATCATA	1
AGCTTGATC	1
GCAGGTATG	1
TTGTGGAAG	1
GGTGCTGTG	1
GGATGCAAG	1
CGCCGGGTG	1
ATTGAAATC	1
TTTGGTATT	1
GTGTAAGTG	1
TGAGTAATT	1
CGGTTGATT	1
CAGTATATT	1
GATAAGATC	1
CACCACATG	1
ACTGGGATG	1
CGGTTGATC	1
GGGCTGAAG	1
GGGTCAATA	1
CGGTATATC	1
ACAAGTATG	1
AGTTTAATA	1
GGCTCGAAG	1
AGCGTTATG	1
ATGCTAATC	1
CTGATTATG	1
GATTATAAG	1
TAGCGGAAG	1
CCTCCGATG	1
TATGTGATC	1
GGGGTTTTG	1
ATTGCTATG	1
TTGGATATA	1
GGCTTTATT	1
CAGCACATG	1
TGGTTGAAG	1
ATAGCTATG	1
GGTTGAGTG	1
GTTCAAATA	1
AATTTGATC	1
GAAACGATG	1
ATCATCGTG	1
TTGTTTATT	1
CGCTCGTTG	1
TAGCGTACG	1
GCGTACAAG	1
GTTCTCAAG	1
TCTCGAATT	1
GAAGGGATG	1
AGGTGTGTG	1
CATCAAATC	1
CATTTGATT	1
GTGATAATG	1
TAGATTATG	1
CGGGTAAAG	1
CTCTTAATA	1
GGATGCATA	1
TGCTTGATC	1
AGAGTTTAT	1
GCGTGGATT	1
ACCTAAATG	1
GGTCGAGTG	1
TTAACAATG	1
GTTGGTTTG	1
TAGCGCATA	1
GCTCATACG	1
CTTAGCAAG	1
TAGCGTATC	1
AGTACCATG	1
TTACCCATG	1
AATTTTATC	1
ACGGCCATG	1
CTGGTCATG	1
ATACAGATG	1
AAGGCGGTG	1
GGTCGAATT	1
TTTTTTACG	1
CATCAAATT	1
CAGGTTATT	1
ATGACTATG	1
AAATTAATC	1
TAGGAGATG	1
GGAGCGATC	1
GAGCCGGTG	1
TTTTATATT	1
GTTTTAATT	1
GGTTCAATA	1
TGGGTGACG	1
TCCACTATG	1
TCTACTATG	1
CGCTCCATG	1
TGGCTTACG	1
CTAGAGATG	1
GATGGGATA	1
TTCTTAATC	1
CGGACAATG	1
TACAGCATG	1
CGACCCATG	1
AATCTCATG	1
AAGCTCATG	1
ATCGAGATG	1
GTGTCGAAG	1
ACATGCATC	1
GGTGGCAAG	1
CCTGGGATC	1
GGGCACTTG	1
CAGAATATG	1
TTAAGAATG	1
TCCATCCGC	1
CACCCAATG	1
CATTTGTTG	1
ATTTATAAG	1
GTGCTAACG	1
AGGCCTATA	1
TGTGGGATA	1
TGGAGCTTG	1
GGTTGAAAG	1
CACTAGATT	1
CTTTTTATC	1
AGCCCGATG	1
ATACTTATA	1
TATCCCATG	1
AATTCCACG	1
CCGATTATG	1
CTAATTATG	1
GGGTATACG	1
GGTCGATTG	1
TGACTAATG	1
GGGTCAGTG	1
AAGCTGATC	1
TTGTAAATA	1
ACCTGCAAG	1
TAATATAAG	1
GGCGCCATG	1
ACCTGCGTG	1
TCTTTGATT	1
GTCTCCAAG	1
ATTCAGTTG	1
TGCTGTATT	1
GCACTTGTG	1
AAAGCTATG	1
AGCGCCATG	1
CAGCGGTTG	1
GTCTTAAAG	1
CGCTCGCTG	1
ACACGTTTG	1
GGATTGATA	1
GTTTGGATC	1
CGCCGGATC	1
TACGCTATG	1
TGAGACATG	1
CACCTGATA	1
TACCGCATC	1
TATGGGATC	1
GGGTAAATA	1
ATGCTAACG	1
CGCCAGATA	1
ACGTGCATC	1
CGGTAGTTG	1
GATGGGACG	1
TTTTGTTTG	1
GTTGAAATA	1
GGGTAATTG	1
GGGCGATTG	1
TGATGGAGG	1
GGGTATTTG	1
GGGTATATC	1
AGTAGAATG	1
TCGCTGATC	1
TTTTTAATT	1
CGCACGATG	1
GCCAGGATG	1
GGGTAAACG	1
TGGTGTACG	1
CTCCCAATC	1
GCTGGTATT	1
TTTTTTGTG	1
GTCGACATG	1
GTGCTTAAG	1
GGGTATATA	1
ATAGGCATG	1
GGCAATATG	1
CACTAGAAG	1
TAAGTCATG	1
CTATTAATC	1
TTATCAATC	1
CTTCACGTG	1
TCACGGATA	1
GGTTGAATC	1
ATTATGATG	1
TTATCAATT	1
ATGTTTATC	1
ATCTATATT	1
AACTCAATC	1
AAATCCATG	1
GTACGCAAG	1
GCATTAATG	1
CGGTGCATC	1
GGGCTCATA	1
GCGAAAATG	1
AGTTGTATA	1
TGTCCGAAG	1
CTGTCGATT	1
AGTGGGATA	1
GTTGGTATC	1
CTTCAAACG	1
ATCTATACG	1
GGCCATATC	1
GGTGTGAAG	1
GCCACGATG	1
GGCCATATA	1
TATGCTATC	1
TCTCGAGTG	1
TGCCAAATG	1
AAGCTAATG	1
ATTTTATTG	1
CTCTTCTTG	1
GAGGTCATG	1
ACCACCATG	1
TTGCCCAAG	1
TAAATAATG	1
GGCATAATG	1
ACCTGTGTG	1
TAAAATATG	1
CAGTAGATT	1
ATTCGAATG	1
CGTGGCATA	1
CGGTAGAGG	1
TTGTCGTTG	1
CCTTCCATG	1
CCTGACATG	1
CGTCCGGTG	1
GGCCACATG	1
AAAGGGAAG	1
GGACTTATT	1
AACTCGATG	1
GGTGCTATC	1
AGCTCTATA	1
GCTCTTATT	1
CCTACGGCG	1
AGCTCTATC	1
ATCAAAATG	1
CTGGAAATG	1
TGGTTGATT	1
TTTTTTATT	1
ACGTGTTTG	1
TTTTTTATA	1
CGCGGAAAG	1
GGCTATATA	1
CCTCCTATA	1
GTTTTGATA	1
GGTGGCATT	1
CGGTGTATA	1
TTGTAAATT	1
CAAATAACG	1
CCAGTTTAT	1
TGGAACATG	1
TTACGGATA	1
TGCTGTGTG	1
ATACCGATG	1
TTTTTTTTG	1
TAAAGTATG	1
TCCACAATG	1
GTGCGAATT	1
GCCCGGATG	1
AAAGCCATG	1
CATCCGATG	1
AGTCAAATG	1
AAAGTTAAG	1
CGACACATG	1
ACATTAATC	1
GGGGGGATG	1
CCCTTTATG	1
AATTGGATA	1
CTGCTGATT	1
CCGACAATG	1
CGTAGTATC	1
CGTAGTATA	1
AACTCAACG	1
GAGCTCTTG	1
AAGTGGATC	1
ATGGCGATG	1
TCAAGTATG	1
TGGTTGATC	1
CGGCCCATA	1
TGAGTGATG	1
TGAACGATG	1
AAATGGATC	1
CTGTACATT	1
CATTATATT	1
TGTGTGACG	1
TGGGTGATC	1
ATGGATATC	1
AGGGTCATG	1
GACCGCGTG	1
CTACCTATG	1
AAAGTTATT	1
TGCAGTATG	1
CGACAGATC	1
CGCTCGATC	1
CCCTTGATG	1
ATGGAAATC	1
TACCGCATT	1
TGATCTATC	1
CATGTGATT	1
CGTCCGATA	1
GCCTAGATT	1
CCACGCATA	1
CGGTAGATA	1
TCTTACATG	1
CCTGTTATT	1
GTGTTTAAG	1
TCTTGTATT	1
CACTCAATA	1
GGTATTATC	1
TCTGACGTG	1
GACAATATG	1
GTTCTTATC	1
TGATCTATA	1
TGGTCGATA	1
GCCTGTATT	1
ATGAATATG	1
TTGTCTATT	1
GGGGTTATT	1
TACCCGATG	1
TATAACATG	1
CAGTATATC	1
CCCTAGATT	1
ACCTGTAGG	1
TACACGAAG	1
CGCTAAATG	1
AGGTGCATC	1
CATCTTATG	1
CAGCGGATA	1
TTGACGGTG	1
TTAATTATT	1
GTGCTTATA	1
CTGGTTATT	1
CGTTGCATA	1
ACTTGTATC	1
GGGTTTCTG	1
GTTCCTATT	1
TAGGGAACG	1
CGGCGGATA	1
CAGTGGAAG	1
GAGTGCATT	1
TGGAGCATC	1
GGGTTTGTG	1
TGGAGCATA	1
TTCAACATG	1
CTGTGTATT	1
AGCCTGACG	1
ACTGCTATG	1
CAATGTGTG	1
GTTACGATG	1
TAGGTTATC	1
TGCTTAATC	1
ACGAGGATG	1
GTGACTATG	1
TGGCTGAAG	1
ACGTGTATC	1
CTACAAATG	1
GCCTAGATC	1
ACTAACATG	1
CTTTGCTTG	1
ACGTGTATT	1
AGTATGATG	1
CGTGGCATT	1
CTGCCCATG	1
CGAGTTTAA	1
TACCTCATG	1
AACTTGATT	1
GACGTGATG	1
ACCTCAATG	1
TCCTGCAAG	1
TCTTGTATC	1
AATTTGGTG	1
CTTATTATT	1
TTGTCGATC	1
CACGTTATG	1
GTTACTATG	1
TTGTGGATA	1
GTGGTTATA	1
GCCTCGAAG	1
ATGTCTATC	1
GTGGATATC	1
TCTTTGATC	1
GGTTGCGTG	1
CCTCTAATA	1
TAAAGGATG	1
GCGACCATG	1
CTGTGAATG	1
ATCTCAATG	1
AGCCTAATG	1
CAGTTTATC	1
CTTTGTATC	1
AATCCTATG	1
CCGCTAATG	1
CAACGAATC	1
CCATACATT	1
CAGCGGGTG	1
GGGTCCAAG	1
TTTAGAACG	1
TGATGGATC	1
TAATTGATT	1
TTGGTCATT	1
CTGCCAATC	1
AAGCTGTTG	1
CTGTTGGAT	1
GACGGGGTG	1
TTTGGGATT	1
TAGCTCATT	1
ATCCCGATG	1
TGGGTATTG	1
TTCGATATT	1
TGATGGATA	1
TCCCGTATG	1
AGAGTAATG	1
TGGGTAGTG	1
ACTTGTAAG	1
AGCTGGATC	1
TCTTTGATA	1
AACCTGATG	1
AGCCTGATT	1
GTGGTTATC	1
ATTTGAATA	1
GCGCATTTG	1
AGATAAATG	1
ATAAGCATG	1
TGGCAGACG	1
GTGGTTTTG	1
TATGGCATT	1
CTGAGGATT	1
CATCTCATG	1
CTTAGCATA	1
TTAGTAATC	1
GGGTCAATT	1
GATTCGATT	1
TTTGAGACG	1
ACCTGTAAG	1
GCTCTTAAG	1
ATAAAAATG	1
CTCCTGATA	1
AACTTGTTG	1
TTGGACATG	1
CGTCCGATC	1
GGTTTCATT	1
CGCCCCAAG	1
GGCTGTGTG	1
GTGTACATT	1
TCGTGTATT	1
TCTCTTATA	1
GTTTTCTTG	1
TGTTGTATT	1
GGAGCAATC	1
CTAAAAATG	1
TCTATGATG	1
TGCTTAATA	1
GGGCGGATT	1
GCTAGGAAG	1
CCGTGTATT	1
ACACGTATT	1
CGGAGCATG	1
CTTGTCATG	1
TTTTATAAG	1
TATCGGACG	1
CATCGGGTG	1
AACTTGATA	1
AATTGGTTG	1
GCGGGGATT	1
CTGGCTTTG	1
AAAACTATG	1
TGCTAAATC	1
CGACAGAAG	1
TGCTTATTG	1
ATGCTAATA	1
TGGCGGATT	1
GTGTTTATT	1
TATCGGTTG	1
ACGTGCGTG	1
CTCCGAATC	1
GTTAGCATG	1
GGGCTGATA	1
CTTGGTATT	1
CGTTGGATT	1
GACAGCATG	1
TTCATTATG	1
CCATGCATG	1
CGCAGAATG	1
TCCGTTATT	1
TATGAAATG	1
CCCAGGATG	1
GCATAGATA	1
AAAACGGTG	1
TGCATGATC	1
CGCGGTATG	1
GATACGACG	1
CTTTTTGTG	1
TTGTGGATC	1
GGCGCTATT	1
TCGTGTATA	1
CTTAGCATT	1
GGTTTTATT	1
CCCTCCATG	1
ACCAGTATG	1
TTGTGTAAG	1
TTGACAAAG	1
TTTGGTGTG	1
CGGTAGATT	1
TACACTATG	1
GGGTTTATA	1
ACTACGACG	1
AGTATTATC	1
CTAGTTTAT	1
ATTTACATC	1
CGCGAAATG	1
TGACGGAAG	1
CCCTCAATA	1
GTAATGATA	1
CAAATAATC	1
GTAGTCATG	1
GTTTTAAAG	1
TTTAGAATC	1
GGTGGGATC	1
CGTATGATC	1
CTTCACATC	1
TCTAATATG	1
TAGCGTATA	1
TGCTGTAAG	1
TTCTGGACG	1
ACACTTATG	1
TAATACATG	1
GCCCGTATA	1
GGCACGACG	1
ACGTTCATG	1
GTTCAGATT	1
GTTGAAATT	1
AATTGGAAG	1
TCTTCAATG	1
AACTTAATG	1
TTGTGTATC	1
ATTCAAATG	1
GCCACAATG	1
CGAATCATG	1
GCTCTTGTG	1
ACGTGGGTG	1
GGGTCTATA	1
ACATTCATG	1
ATGTTTACG	1
GGCACCATG	1
TGGCTTATT	1
ACACTAATG	1
TGTAAGATA	1
GGGCGAATT	1
CAGTGGACG	1
TCCAGAATG	1
CTTCACATT	1
GTTTAATTG	1
TAAGTTATG	1
CCGCAGATG	1
