gene,kozak,protein
BRCA1,AAAGAAATG,
PMS2,GCATCCATG,
MSH2,TTCGACATG,
MLH1,GCCAAAATG,
APC,CCAAGGATG,
MSH6,GTCGGTATG,
TSC2,TCCACCATG,
MUTYH,GCCATCATG,
TSC1,GAGAGAATG,
TP53,ACTGCCATG,
PRKAG2,AGAGTTATG,
KCNH2,CTCAGGATG,
RET,CGGGCGATG,
SMAD3,CCAGCCATG,
KCNQ1,CTCGTTATG,
NF2,CGCGCCATG,
SDHC,CCCAAGATG,
BRCA2,GTAAAAATG,
PALB2,TGCCCGATG,
DSG2,GGTGCGATG,
LMNA,CCGGCCATG,
TMEM127,CCGGGCATG,
VHL,GAGGGAATG,
RBM20,CCCCGCATG,
ACTC1,GCCAAGATG,
TGFBR1,GGGACCATG,
TGFBR2,TCTGCCATG,
WT1,CAGCAAATG,MGSDVRDLNALLPAVPSLGGGGGCALPVSGAAQWAPVLDFAPPGASAYGSLGGPAPPPAPPPPPPPPPHSFIKQEPSWGGAEPHEEQCLSAFTVHFSGQFTGTAGACRYGPFGPPPPSQASSGQARMFPNAPYLPSCLESQPAIRNQGYSTVTFDGTPSYGHTPSHHAAQFPNHSFKHEDPMGQQGSLGEQQYSVPPPVYGCHTPTDSCTGSQALLLRTPYSSDNLYQMTSQLECMTWNQMNLGATLKGVAAGSSSSVKWTEGQSNHSTGYESDNHTTPILCGAQYRIHTHGVFRGIQDVRRVPGVAPTLVRSASETSEKRPFMCAYPGCNKRYFKLSHLQMHSRKHTGEKPYQCDFKDCERRFSRSDQLKRHQRRHTGVKPFQCKTCQRKFSRSDHLKTHTRTHTGKTSEKPFSCRWPSCQKKFARSDELVRHHNMHQRNMTKLQLAL
BMPR1A,TGAACAATG,
MAX,TAGGAAATG,MSDNDDIEVESDEEQPRFQSAADKRAHHNALERKRRDHIKDSFHSLRDSVPSLQGEKASRAQILDKATEYIQYMRRKNHTHQQDIDDLKRQNALLEQQVRALEKARSSAQLQTNYPSSDNSLYTNAKGSTISAFDGGSDSSSESEPEEPQSRKKLRMEAS
MEN1,GCCGCCATG,
PTEN,CAGACATGA,
RB1,,
STK11,,
TNNT2,,
HNF1A,CGAGCCATG,
SDHAF2,,
SDHB,,
SDHD,AACGAGATG,
BAG3,,
DES,,
ENG,,
FBN1,,
GLA,,
MYBPC3,,
MYL2,,
MYL3,CCCCCAATG,
PKP2,,
RYR2,,
SMAD4,,
TTR,,
ACVRL1,,
BTD,,
CACNA1S,,
DSC2,CTCTCCATG,
FLNC,,
HFE,,
LDLR,,
MYH11,,
OTC,,
TPM1,,
TTN,,
RAD51C,CCTGCGATG,
SDHA,GCAGACATG,